figure,series,cohort,criterion,metric,seed,value,mean,sample_sd
01,logistic_regression,full_dataset,fpr_at_most_0.01,f1,42,0.002257271620674106,0.002257262206979359,2.1856693942105073e-08
01,logistic_regression,full_dataset,fpr_at_most_0.01,f1,123,0.002257230435598557,0.002257262206979359,2.1856693942105073e-08
01,logistic_regression,full_dataset,fpr_at_most_0.01,f1,456,0.0022572539697434135,0.002257262206979359,2.1856693942105073e-08
01,logistic_regression,full_dataset,fpr_at_most_0.01,f1,789,0.0022572892718808486,0.002257262206979359,2.1856693942105073e-08
01,logistic_regression,full_dataset,fpr_at_most_0.01,f1,1024,0.0022572657369998696,0.002257262206979359,2.1856693942105073e-08
01,random_forest,full_dataset,fpr_at_most_0.01,f1,42,0.502249697925593,0.4507152936289788,0.09545532316351597
01,random_forest,full_dataset,fpr_at_most_0.01,f1,123,0.2825436040656847,0.4507152936289788,0.09545532316351597
01,random_forest,full_dataset,fpr_at_most_0.01,f1,456,0.5128603443500291,0.4507152936289788,0.09545532316351597
01,random_forest,full_dataset,fpr_at_most_0.01,f1,789,0.48697955212422267,0.4507152936289788,0.09545532316351597
01,random_forest,full_dataset,fpr_at_most_0.01,f1,1024,0.4689432696793642,0.4507152936289788,0.09545532316351597
01,xgboost,full_dataset,fpr_at_most_0.01,f1,42,0.010818008253394228,0.010643248564027163,0.00022506591818571237
01,xgboost,full_dataset,fpr_at_most_0.01,f1,123,0.010523090027995782,0.010643248564027163,0.00022506591818571237
01,xgboost,full_dataset,fpr_at_most_0.01,f1,456,0.010421282009426311,0.010643248564027163,0.00022506591818571237
01,xgboost,full_dataset,fpr_at_most_0.01,f1,789,0.010509716040544887,0.010643248564027163,0.00022506591818571237
01,xgboost,full_dataset,fpr_at_most_0.01,f1,1024,0.010944146488774602,0.010643248564027163,0.00022506591818571237
01,mlp,full_dataset,fpr_at_most_0.01,f1,42,0.00957183946123327,0.011088836189297785,0.007699191173536777
01,mlp,full_dataset,fpr_at_most_0.01,f1,123,0.007570121173967108,0.011088836189297785,0.007699191173536777
01,mlp,full_dataset,fpr_at_most_0.01,f1,456,0.02469199483154819,0.011088836189297785,0.007699191173536777
01,mlp,full_dataset,fpr_at_most_0.01,f1,789,0.006221569148520423,0.011088836189297785,0.007699191173536777
01,mlp,full_dataset,fpr_at_most_0.01,f1,1024,0.007388656331219935,0.011088836189297785,0.007699191173536777
01,autoencoder_B,full_dataset,benign_fpr_at_most_0.01,f1,42,0.015383184908155463,0.016138642210671825,0.001845712730648199
01,autoencoder_B,full_dataset,benign_fpr_at_most_0.01,f1,123,0.013647217621345093,0.016138642210671825,0.001845712730648199
01,autoencoder_B,full_dataset,benign_fpr_at_most_0.01,f1,456,0.017946182111142385,0.016138642210671825,0.001845712730648199
01,autoencoder_B,full_dataset,benign_fpr_at_most_0.01,f1,789,0.015730116295304235,0.016138642210671825,0.001845712730648199
01,autoencoder_B,full_dataset,benign_fpr_at_most_0.01,f1,1024,0.017986510117411942,0.016138642210671825,0.001845712730648199
01,logistic_regression,full_dataset,fpr_at_most_0.01,false_positive_rate,42,0.007875505735422655,0.00787710766895643,3.719324348690149e-06
01,logistic_regression,full_dataset,fpr_at_most_0.01,false_positive_rate,123,0.007882514194632921,0.00787710766895643,3.719324348690149e-06
01,logistic_regression,full_dataset,fpr_at_most_0.01,false_positive_rate,456,0.007878509360798484,0.00787710766895643,3.719324348690149e-06
01,logistic_regression,full_dataset,fpr_at_most_0.01,false_positive_rate,789,0.007872502110046826,0.00787710766895643,3.719324348690149e-06
01,logistic_regression,full_dataset,fpr_at_most_0.01,false_positive_rate,1024,0.007876506943881265,0.00787710766895643,3.719324348690149e-06
01,random_forest,full_dataset,fpr_at_most_0.01,false_positive_rate,42,0.00830202053879032,0.008370503197359214,0.00024945023855368995
01,random_forest,full_dataset,fpr_at_most_0.01,false_positive_rate,123,0.008393130508523788,0.008370503197359214,0.00024945023855368995
01,random_forest,full_dataset,fpr_at_most_0.01,false_positive_rate,456,0.008548317819608266,0.008370503197359214,0.00024945023855368995
01,random_forest,full_dataset,fpr_at_most_0.01,false_positive_rate,789,0.007985638665869705,0.008370503197359214,0.00024945023855368995
01,random_forest,full_dataset,fpr_at_most_0.01,false_positive_rate,1024,0.008623408454003983,0.008370503197359214,0.00024945023855368995
01,xgboost,full_dataset,fpr_at_most_0.01,false_positive_rate,42,0.008595374617162916,0.008276990327325082,0.0003721830005868492
01,xgboost,full_dataset,fpr_at_most_0.01,false_positive_rate,123,0.0076912833790384995,0.008276990327325082,0.0003721830005868492
01,xgboost,full_dataset,fpr_at_most_0.01,false_positive_rate,456,0.008590368574869868,0.008276990327325082,0.0003721830005868492
01,xgboost,full_dataset,fpr_at_most_0.01,false_positive_rate,789,0.008181875523757175,0.008276990327325082,0.0003721830005868492
01,xgboost,full_dataset,fpr_at_most_0.01,false_positive_rate,1024,0.00832604954179695,0.008276990327325082,0.0003721830005868492
01,mlp,full_dataset,fpr_at_most_0.01,false_positive_rate,42,0.007696289421331547,0.007563729421411644,0.00015703117650925732
01,mlp,full_dataset,fpr_at_most_0.01,false_positive_rate,123,0.007610185493891127,0.007563729421411644,0.00015703117650925732
01,mlp,full_dataset,fpr_at_most_0.01,false_positive_rate,456,0.007609184285432517,0.007563729421411644,0.00015703117650925732
01,mlp,full_dataset,fpr_at_most_0.01,false_positive_rate,789,0.007290799995594683,0.007563729421411644,0.00015703117650925732
01,mlp,full_dataset,fpr_at_most_0.01,false_positive_rate,1024,0.007612187910808346,0.007563729421411644,0.00015703117650925732
01,autoencoder_B,full_dataset,benign_fpr_at_most_0.01,false_positive_rate,42,0.008858692441777226,0.009077957094212715,0.0007694116008877044
01,autoencoder_B,full_dataset,benign_fpr_at_most_0.01,false_positive_rate,123,0.01022434077932064,0.009077957094212715,0.0007694116008877044
01,autoencoder_B,full_dataset,benign_fpr_at_most_0.01,false_positive_rate,456,0.00845420422449897,0.009077957094212715,0.0007694116008877044
01,autoencoder_B,full_dataset,benign_fpr_at_most_0.01,false_positive_rate,789,0.00839212930006518,0.009077957094212715,0.0007694116008877044
01,autoencoder_B,full_dataset,benign_fpr_at_most_0.01,false_positive_rate,1024,0.00946041872540156,0.009077957094212715,0.0007694116008877044
01,logistic_regression,phase5_matched,fpr_at_most_0.01,f1,42,0.0024568489870703115,0.0024568489870703115,0.0
01,logistic_regression,phase5_matched,fpr_at_most_0.01,f1,123,0.0024568489870703115,0.0024568489870703115,0.0
01,logistic_regression,phase5_matched,fpr_at_most_0.01,f1,456,0.0024568489870703115,0.0024568489870703115,0.0
01,logistic_regression,phase5_matched,fpr_at_most_0.01,f1,789,0.0024568489870703115,0.0024568489870703115,0.0
01,logistic_regression,phase5_matched,fpr_at_most_0.01,f1,1024,0.0024568489870703115,0.0024568489870703115,0.0
01,random_forest,phase5_matched,fpr_at_most_0.01,f1,42,0.5096456784566914,0.45787400151513397,0.0993629316851852
01,random_forest,phase5_matched,fpr_at_most_0.01,f1,123,0.2852091926929876,0.45787400151513397,0.0993629316851852
01,random_forest,phase5_matched,fpr_at_most_0.01,f1,456,0.5344943271928755,0.45787400151513397,0.0993629316851852
01,random_forest,phase5_matched,fpr_at_most_0.01,f1,789,0.48860723664554273,0.45787400151513397,0.0993629316851852
01,random_forest,phase5_matched,fpr_at_most_0.01,f1,1024,0.47141357258757277,0.45787400151513397,0.0993629316851852
01,xgboost,phase5_matched,fpr_at_most_0.01,f1,42,0.011635369868118672,0.0112966705746505,0.0003910960736077385
01,xgboost,phase5_matched,fpr_at_most_0.01,f1,123,0.011046970389135762,0.0112966705746505,0.0003910960736077385
01,xgboost,phase5_matched,fpr_at_most_0.01,f1,456,0.010761623800224374,0.0112966705746505,0.0003910960736077385
01,xgboost,phase5_matched,fpr_at_most_0.01,f1,789,0.01136316509766516,0.0112966705746505,0.0003910960736077385
01,xgboost,phase5_matched,fpr_at_most_0.01,f1,1024,0.011676223718108536,0.0112966705746505,0.0003910960736077385
01,mlp,phase5_matched,fpr_at_most_0.01,f1,42,0.007986356640738738,0.010917573186099407,0.007598361711927069
01,mlp,phase5_matched,fpr_at_most_0.01,f1,123,0.007659485898636695,0.010917573186099407,0.007598361711927069
01,mlp,phase5_matched,fpr_at_most_0.01,f1,456,0.024488786279683376,0.010917573186099407,0.007598361711927069
01,mlp,phase5_matched,fpr_at_most_0.01,f1,789,0.006833475697410362,0.010917573186099407,0.007598361711927069
01,mlp,phase5_matched,fpr_at_most_0.01,f1,1024,0.0076197614140278555,0.010917573186099407,0.007598361711927069
01,transformer_L1,phase5_matched,fpr_at_most_0.01,f1,42,0.026519745903829946,0.0256315375622024,0.0007878008436082253
01,transformer_L1,phase5_matched,fpr_at_most_0.01,f1,123,0.024741673870981022,0.0256315375622024,0.0007878008436082253
01,transformer_L1,phase5_matched,fpr_at_most_0.01,f1,456,0.026280614448168788,0.0256315375622024,0.0007878008436082253
01,transformer_L1,phase5_matched,fpr_at_most_0.01,f1,789,0.025675842488581655,0.0256315375622024,0.0007878008436082253
01,transformer_L1,phase5_matched,fpr_at_most_0.01,f1,1024,0.024939811099450582,0.0256315375622024,0.0007878008436082253
01,transformer_L64,phase5_matched,fpr_at_most_0.01,f1,42,0.028389804357217798,0.027147802739340043,0.0007659985906976999
01,transformer_L64,phase5_matched,fpr_at_most_0.01,f1,123,0.026964164419652964,0.027147802739340043,0.0007659985906976999
01,transformer_L64,phase5_matched,fpr_at_most_0.01,f1,456,0.026962499485448484,0.027147802739340043,0.0007659985906976999
01,transformer_L64,phase5_matched,fpr_at_most_0.01,f1,789,0.026289804986423106,0.027147802739340043,0.0007659985906976999
01,transformer_L64,phase5_matched,fpr_at_most_0.01,f1,1024,0.02713274044795784,0.027147802739340043,0.0007659985906976999
01,logistic_regression,phase5_matched,fpr_at_most_0.01,false_positive_rate,42,0.008109299250771265,0.008109299250771265,0.0
01,logistic_regression,phase5_matched,fpr_at_most_0.01,false_positive_rate,123,0.008109299250771265,0.008109299250771265,0.0
01,logistic_regression,phase5_matched,fpr_at_most_0.01,false_positive_rate,456,0.008109299250771265,0.008109299250771265,0.0
01,logistic_regression,phase5_matched,fpr_at_most_0.01,false_positive_rate,789,0.008109299250771265,0.008109299250771265,0.0
01,logistic_regression,phase5_matched,fpr_at_most_0.01,false_positive_rate,1024,0.008109299250771265,0.008109299250771265,0.0
01,random_forest,phase5_matched,fpr_at_most_0.01,false_positive_rate,42,0.008461877479065667,0.008641371849833728,0.00016378986782462012
01,random_forest,phase5_matched,fpr_at_most_0.01,false_positive_rate,123,0.008469890620617813,0.008641371849833728,0.00016378986782462012
01,random_forest,phase5_matched,fpr_at_most_0.01,false_positive_rate,456,0.008758363716495052,0.008641371849833728,0.00016378986782462012
01,random_forest,phase5_matched,fpr_at_most_0.01,false_positive_rate,789,0.008806442565807924,0.008641371849833728,0.00016378986782462012
01,random_forest,phase5_matched,fpr_at_most_0.01,false_positive_rate,1024,0.008710284867182179,0.008641371849833728,0.00016378986782462012
01,xgboost,phase5_matched,fpr_at_most_0.01,false_positive_rate,42,0.00850995632837854,0.007692615890059697,0.0005460413598734781
01,xgboost,phase5_matched,fpr_at_most_0.01,false_positive_rate,123,0.007484274209703915,0.007692615890059697,0.0005460413598734781
01,xgboost,phase5_matched,fpr_at_most_0.01,false_positive_rate,456,0.00734805080331744,0.007692615890059697,0.0005460413598734781
01,xgboost,phase5_matched,fpr_at_most_0.01,false_positive_rate,789,0.007965062702832645,0.007692615890059697,0.0005460413598734781
01,xgboost,phase5_matched,fpr_at_most_0.01,false_positive_rate,1024,0.007155735406065948,0.007692615890059697,0.0005460413598734781
01,mlp,phase5_matched,fpr_at_most_0.01,false_positive_rate,42,0.007468247926599623,0.00731439560879843,0.00026597112443271385
01,mlp,phase5_matched,fpr_at_most_0.01,false_positive_rate,123,0.007235866821587404,0.00731439560879843,0.00026597112443271385
01,mlp,phase5_matched,fpr_at_most_0.01,false_positive_rate,456,0.007692615890059698,0.00731439560879843,0.00026597112443271385
01,mlp,phase5_matched,fpr_at_most_0.01,false_positive_rate,789,0.00702752514123162,0.00731439560879843,0.00026597112443271385
01,mlp,phase5_matched,fpr_at_most_0.01,false_positive_rate,1024,0.007147722264513803,0.00731439560879843,0.00026597112443271385
01,transformer_L1,phase5_matched,fpr_at_most_0.01,false_positive_rate,42,0.008333667214231339,0.008256741055330741,5.626343902092832e-05
01,transformer_L1,phase5_matched,fpr_at_most_0.01,false_positive_rate,123,0.008197443807844866,0.008256741055330741,5.626343902092832e-05
01,transformer_L1,phase5_matched,fpr_at_most_0.01,false_positive_rate,456,0.008269562081814175,0.008256741055330741,5.626343902092832e-05
01,transformer_L1,phase5_matched,fpr_at_most_0.01,false_positive_rate,789,0.00820545694939701,0.008256741055330741,5.626343902092832e-05
01,transformer_L1,phase5_matched,fpr_at_most_0.01,false_positive_rate,1024,0.00827757522336632,0.008256741055330741,5.626343902092832e-05
01,transformer_L64,phase5_matched,fpr_at_most_0.01,false_positive_rate,42,0.007700629031611844,0.007817620898273168,0.00018269259818215974
01,transformer_L64,phase5_matched,fpr_at_most_0.01,false_positive_rate,123,0.007772747305581153,0.007817620898273168,0.00018269259818215974
01,transformer_L64,phase5_matched,fpr_at_most_0.01,false_positive_rate,456,0.00779678673023759,0.007817620898273168,0.00018269259818215974
01,transformer_L64,phase5_matched,fpr_at_most_0.01,false_positive_rate,789,0.008133338675427702,0.007817620898273168,0.00018269259818215974
01,transformer_L64,phase5_matched,fpr_at_most_0.01,false_positive_rate,1024,0.007684602748507552,0.007817620898273168,0.00018269259818215974
02,random_forest,full_dataset,fpr_at_most_0.01,Bot_recall,42,0.4496121285112111,0.3940044631787751,0.10237278249425014
02,random_forest,full_dataset,fpr_at_most_0.01,Bot_recall,123,0.2142963409018455,0.3940044631787751,0.10237278249425014
02,random_forest,full_dataset,fpr_at_most_0.01,Bot_recall,456,0.463564875491481,0.3940044631787751,0.10237278249425014
02,random_forest,full_dataset,fpr_at_most_0.01,Bot_recall,789,0.43146186815911586,0.3940044631787751,0.10237278249425014
02,random_forest,full_dataset,fpr_at_most_0.01,Bot_recall,1024,0.4110871028302221,0.3940044631787751,0.10237278249425014
02,autoencoder_B,full_dataset,benign_fpr_at_most_0.01,Bot_recall,42,0.000641139173249265,0.0006609755233608444,3.3753332859825315e-05
02,autoencoder_B,full_dataset,benign_fpr_at_most_0.01,Bot_recall,123,0.0007190676915447558,0.0006609755233608444,3.3753332859825315e-05
02,autoencoder_B,full_dataset,benign_fpr_at_most_0.01,Bot_recall,456,0.000641139173249265,0.0006609755233608444,3.3753332859825315e-05
02,autoencoder_B,full_dataset,benign_fpr_at_most_0.01,Bot_recall,789,0.0006623924055116716,0.0006609755233608444,3.3753332859825315e-05
02,autoencoder_B,full_dataset,benign_fpr_at_most_0.01,Bot_recall,1024,0.000641139173249265,0.0006609755233608444,3.3753332859825315e-05
02,rf_or_ae,full_dataset,component_1_percent,Bot_recall,42,0.45025326768446033,0.3946640218199851,0.10233987937122421
02,rf_or_ae,full_dataset,component_1_percent,Bot_recall,123,0.21501540859339024,0.3946640218199851,0.10233987937122421
02,rf_or_ae,full_dataset,component_1_percent,Bot_recall,456,0.46420601466473027,0.3946640218199851,0.10233987937122421
02,rf_or_ae,full_dataset,component_1_percent,Bot_recall,789,0.4321171761538734,0.3946640218199851,0.10233987937122421
02,rf_or_ae,full_dataset,component_1_percent,Bot_recall,1024,0.41172824200347136,0.3946640218199851,0.10233987937122421
02,random_forest,full_dataset,fpr_at_most_0.01,Infilteration_recall,42,0.01847592433361995,0.019325021496130697,0.005072540303130255
02,random_forest,full_dataset,fpr_at_most_0.01,Infilteration_recall,123,0.028278159931212382,0.019325021496130697,0.005072540303130255
02,random_forest,full_dataset,fpr_at_most_0.01,Infilteration_recall,456,0.01633705932932072,0.019325021496130697,0.005072540303130255
02,random_forest,full_dataset,fpr_at_most_0.01,Infilteration_recall,789,0.016885210662080825,0.019325021496130697,0.005072540303130255
02,random_forest,full_dataset,fpr_at_most_0.01,Infilteration_recall,1024,0.016648753224419603,0.019325021496130697,0.005072540303130255
02,autoencoder_B,full_dataset,benign_fpr_at_most_0.01,Infilteration_recall,42,0.030062338779019777,0.031605760963026655,0.003929535906767374
02,autoencoder_B,full_dataset,benign_fpr_at_most_0.01,Infilteration_recall,123,0.026289767841788478,0.031605760963026655,0.003929535906767374
02,autoencoder_B,full_dataset,benign_fpr_at_most_0.01,Infilteration_recall,456,0.03540412725709372,0.031605760963026655,0.003929535906767374
02,autoencoder_B,full_dataset,benign_fpr_at_most_0.01,Infilteration_recall,789,0.03068572656921754,0.031605760963026655,0.003929535906767374
02,autoencoder_B,full_dataset,benign_fpr_at_most_0.01,Infilteration_recall,1024,0.03558684436801376,0.031605760963026655,0.003929535906767374
02,rf_or_ae,full_dataset,component_1_percent,Infilteration_recall,42,0.04677558039552881,0.04779234737747205,0.0017459668942563956
02,rf_or_ae,full_dataset,component_1_percent,Infilteration_recall,123,0.0480116079105761,0.04779234737747205,0.0017459668942563956
02,rf_or_ae,full_dataset,component_1_percent,Infilteration_recall,456,0.04977429062768702,0.04779234737747205,0.0017459668942563956
02,rf_or_ae,full_dataset,component_1_percent,Infilteration_recall,789,0.04539982803095443,0.04779234737747205,0.0017459668942563956
02,rf_or_ae,full_dataset,component_1_percent,Infilteration_recall,1024,0.04900042992261393,0.04779234737747205,0.0017459668942563956
03,edge_mlp → gatv2,feb20_matched,fixed_0_5,delta_f1,42,0.012829658736362881,0.009621303247812518,0.0049719975395886365
03,edge_mlp → gatv2,feb20_matched,fixed_0_5,delta_f1,123,0.01184395854650011,0.009621303247812518,0.0049719975395886365
03,edge_mlp → gatv2,feb20_matched,fixed_0_5,delta_f1,456,0.010618007828536058,0.009621303247812518,0.0049719975395886365
03,edge_mlp → gatv2,feb20_matched,fixed_0_5,delta_f1,789,0.0008397658779120132,0.009621303247812518,0.0049719975395886365
03,edge_mlp → gatv2,feb20_matched,fixed_0_5,delta_f1,1024,0.011975125249751528,0.009621303247812518,0.0049719975395886365
03,gatv2_self_only → gatv2,feb20_matched,fixed_0_5,delta_f1,42,0.004109058225283624,0.0065310153317553075,0.007113819586129268
03,gatv2_self_only → gatv2,feb20_matched,fixed_0_5,delta_f1,123,0.0072562049942354045,0.0065310153317553075,0.007113819586129268
03,gatv2_self_only → gatv2,feb20_matched,fixed_0_5,delta_f1,456,0.002601651124496618,0.0065310153317553075,0.007113819586129268
03,gatv2_self_only → gatv2,feb20_matched,fixed_0_5,delta_f1,789,0.018420626711498023,0.0065310153317553075,0.007113819586129268
03,gatv2_self_only → gatv2,feb20_matched,fixed_0_5,delta_f1,1024,0.0002675356032628695,0.0065310153317553075,0.007113819586129268
03,transformer_L1 → transformer_L64,phase5_matched,fixed_0_5,delta_f1,42,0.008683358768533357,0.0051583486553341785,0.002986243598470759
03,transformer_L1 → transformer_L64,phase5_matched,fixed_0_5,delta_f1,123,0.005626997483025524,0.0051583486553341785,0.002986243598470759
03,transformer_L1 → transformer_L64,phase5_matched,fixed_0_5,delta_f1,456,0.007030063767881359,0.0051583486553341785,0.002986243598470759
03,transformer_L1 → transformer_L64,phase5_matched,fixed_0_5,delta_f1,789,0.00330284579111257,0.0051583486553341785,0.002986243598470759
03,transformer_L1 → transformer_L64,phase5_matched,fixed_0_5,delta_f1,1024,0.0011484774661180835,0.0051583486553341785,0.002986243598470759
03,gat_transformer_L1 → gat_transformer_L8,feb20_matched,fixed_0_5,delta_f1,42,-8.019889165000738e-05,0.0024627094063282675,0.006428074298701419
03,gat_transformer_L1 → gat_transformer_L8,feb20_matched,fixed_0_5,delta_f1,123,-0.0026025280364337933,0.0024627094063282675,0.006428074298701419
03,gat_transformer_L1 → gat_transformer_L8,feb20_matched,fixed_0_5,delta_f1,456,0.013654692727179785,0.0024627094063282675,0.006428074298701419
03,gat_transformer_L1 → gat_transformer_L8,feb20_matched,fixed_0_5,delta_f1,789,0.001529600036484835,0.0024627094063282675,0.006428074298701419
03,gat_transformer_L1 → gat_transformer_L8,feb20_matched,fixed_0_5,delta_f1,1024,-0.00018801880393948256,0.0024627094063282675,0.006428074298701419
03,edge_mlp → gatv2,feb20_matched,fixed_0_5,delta_false_positive_rate,42,-0.00046417353901378593,-0.00040847271433213164,0.00020865193225120203
03,edge_mlp → gatv2,feb20_matched,fixed_0_5,delta_false_positive_rate,123,-0.00023208676950689297,-0.00040847271433213164,0.00020865193225120203
03,edge_mlp → gatv2,feb20_matched,fixed_0_5,delta_false_positive_rate,456,-0.0007478351461888774,-0.00040847271433213164,0.00020865193225120203
03,edge_mlp → gatv2,feb20_matched,fixed_0_5,delta_false_positive_rate,789,-0.0002785041234082716,-0.00040847271433213164,0.00020865193225120203
03,edge_mlp → gatv2,feb20_matched,fixed_0_5,delta_false_positive_rate,1024,-0.0003197639935428303,-0.00040847271433213164,0.00020865193225120203
03,gatv2_self_only → gatv2,feb20_matched,fixed_0_5,delta_false_positive_rate,42,2.0629935067279376e-05,2.681891558746319e-05,1.1181158365015138e-05
03,gatv2_self_only → gatv2,feb20_matched,fixed_0_5,delta_false_positive_rate,123,2.0629935067279376e-05,2.681891558746319e-05,1.1181158365015138e-05
03,gatv2_self_only → gatv2,feb20_matched,fixed_0_5,delta_false_positive_rate,456,3.610238636773891e-05,2.681891558746319e-05,1.1181158365015138e-05
03,gatv2_self_only → gatv2,feb20_matched,fixed_0_5,delta_false_positive_rate,789,4.125987013455875e-05,2.681891558746319e-05,1.1181158365015138e-05
03,gatv2_self_only → gatv2,feb20_matched,fixed_0_5,delta_false_positive_rate,1024,1.547245130045953e-05,2.681891558746319e-05,1.1181158365015138e-05
03,transformer_L1 → transformer_L64,phase5_matched,fixed_0_5,delta_false_positive_rate,42,-0.0018510356985456146,-0.0010000400657077604,0.0012314245957051047
03,transformer_L1 → transformer_L64,phase5_matched,fixed_0_5,delta_false_positive_rate,123,-0.0001923153972514923,-0.0010000400657077604,0.0012314245957051047
03,transformer_L1 → transformer_L64,phase5_matched,fixed_0_5,delta_false_positive_rate,456,0.000520854200889459,-0.0010000400657077604,0.0012314245957051047
03,transformer_L1 → transformer_L64,phase5_matched,fixed_0_5,delta_false_positive_rate,789,-0.0009375375616010248,-0.0010000400657077604,0.0012314245957051047
03,transformer_L1 → transformer_L64,phase5_matched,fixed_0_5,delta_false_positive_rate,1024,-0.002540165872030129,-0.0010000400657077604,0.0012314245957051047
03,gat_transformer_L1 → gat_transformer_L8,feb20_matched,fixed_0_5,delta_false_positive_rate,42,1.5472451300459534e-05,-5.1574837668198435e-05,4.158096346076728e-05
03,gat_transformer_L1 → gat_transformer_L8,feb20_matched,fixed_0_5,delta_false_positive_rate,123,-5.673232143501829e-05,-5.1574837668198435e-05,4.158096346076728e-05
03,gat_transformer_L1 → gat_transformer_L8,feb20_matched,fixed_0_5,delta_false_positive_rate,456,-4.64173539013786e-05,-5.1574837668198435e-05,4.158096346076728e-05
03,gat_transformer_L1 → gat_transformer_L8,feb20_matched,fixed_0_5,delta_false_positive_rate,789,-7.736225650229766e-05,-5.1574837668198435e-05,4.158096346076728e-05
03,gat_transformer_L1 → gat_transformer_L8,feb20_matched,fixed_0_5,delta_false_positive_rate,1024,-9.283470780275719e-05,-5.1574837668198435e-05,4.158096346076728e-05
03,edge_mlp → gatv2,feb20_matched,fpr_at_most_0.01,delta_f1,42,-0.010180264339549105,0.00331628374385573,0.019744316231324992
03,edge_mlp → gatv2,feb20_matched,fpr_at_most_0.01,delta_f1,123,0.00034531094926515404,0.00331628374385573,0.019744316231324992
03,edge_mlp → gatv2,feb20_matched,fpr_at_most_0.01,delta_f1,456,0.03798499353173457,0.00331628374385573,0.019744316231324992
03,edge_mlp → gatv2,feb20_matched,fpr_at_most_0.01,delta_f1,789,-0.0064197345985818055,0.00331628374385573,0.019744316231324992
03,edge_mlp → gatv2,feb20_matched,fpr_at_most_0.01,delta_f1,1024,-0.00514888682359016,0.00331628374385573,0.019744316231324992
03,gatv2_self_only → gatv2,feb20_matched,fpr_at_most_0.01,delta_f1,42,-0.019060131620405985,-0.010703846307527898,0.005421013591231679
03,gatv2_self_only → gatv2,feb20_matched,fpr_at_most_0.01,delta_f1,123,-0.011105575513915555,-0.010703846307527898,0.005421013591231679
03,gatv2_self_only → gatv2,feb20_matched,fpr_at_most_0.01,delta_f1,456,-0.007101015064719607,-0.010703846307527898,0.005421013591231679
03,gatv2_self_only → gatv2,feb20_matched,fpr_at_most_0.01,delta_f1,789,-0.004863409854670486,-0.010703846307527898,0.005421013591231679
03,gatv2_self_only → gatv2,feb20_matched,fpr_at_most_0.01,delta_f1,1024,-0.011389099483927856,-0.010703846307527898,0.005421013591231679
03,transformer_L1 → transformer_L64,phase5_matched,fpr_at_most_0.01,delta_f1,42,0.0018700584533878524,0.00151626517713764,0.0008050060095099283
03,transformer_L1 → transformer_L64,phase5_matched,fpr_at_most_0.01,delta_f1,123,0.002222490548671942,0.00151626517713764,0.0008050060095099283
03,transformer_L1 → transformer_L64,phase5_matched,fpr_at_most_0.01,delta_f1,456,0.0006818850372796968,0.00151626517713764,0.0008050060095099283
03,transformer_L1 → transformer_L64,phase5_matched,fpr_at_most_0.01,delta_f1,789,0.0006139624978414512,0.00151626517713764,0.0008050060095099283
03,transformer_L1 → transformer_L64,phase5_matched,fpr_at_most_0.01,delta_f1,1024,0.0021929293485072575,0.00151626517713764,0.0008050060095099283
03,gat_transformer_L1 → gat_transformer_L8,feb20_matched,fpr_at_most_0.01,delta_f1,42,0.004837887872556013,-0.00027561638731308233,0.005313360262446115
03,gat_transformer_L1 → gat_transformer_L8,feb20_matched,fpr_at_most_0.01,delta_f1,123,0.0033057208088154155,-0.00027561638731308233,0.005313360262446115
03,gat_transformer_L1 → gat_transformer_L8,feb20_matched,fpr_at_most_0.01,delta_f1,456,-0.007008180319414525,-0.00027561638731308233,0.005313360262446115
03,gat_transformer_L1 → gat_transformer_L8,feb20_matched,fpr_at_most_0.01,delta_f1,789,-0.004910561626475407,-0.00027561638731308233,0.005313360262446115
03,gat_transformer_L1 → gat_transformer_L8,feb20_matched,fpr_at_most_0.01,delta_f1,1024,0.0023970513279530925,-0.00027561638731308233,0.005313360262446115
03,edge_mlp → gatv2,feb20_matched,fpr_at_most_0.01,delta_false_positive_rate,42,-0.0026561041399122197,-0.004069254692020857,0.0034404804558849852
03,edge_mlp → gatv2,feb20_matched,fpr_at_most_0.01,delta_false_positive_rate,123,-0.0031563800652937447,-0.004069254692020857,0.0034404804558849852
03,edge_mlp → gatv2,feb20_matched,fpr_at_most_0.01,delta_false_positive_rate,456,-0.010180872955702372,-0.004069254692020857,0.0034404804558849852
03,edge_mlp → gatv2,feb20_matched,fpr_at_most_0.01,delta_false_positive_rate,789,-0.0021713006658311542,-0.004069254692020857,0.0034404804558849852
03,edge_mlp → gatv2,feb20_matched,fpr_at_most_0.01,delta_false_positive_rate,1024,-0.002181615633364794,-0.004069254692020857,0.0034404804558849852
03,gatv2_self_only → gatv2,feb20_matched,fpr_at_most_0.01,delta_false_positive_rate,42,1.547245130045953e-05,-0.00021867731171316138,0.0005063351643865256
03,gatv2_self_only → gatv2,feb20_matched,fpr_at_most_0.01,delta_false_positive_rate,123,1.547245130045953e-05,-0.00021867731171316138,0.0005063351643865256
03,gatv2_self_only → gatv2,feb20_matched,fpr_at_most_0.01,delta_false_positive_rate,456,0.0,-0.00021867731171316138,0.0005063351643865256
03,gatv2_self_only → gatv2,feb20_matched,fpr_at_most_0.01,delta_false_positive_rate,789,-0.001124331461166726,-0.00021867731171316138,0.0005063351643865256
03,gatv2_self_only → gatv2,feb20_matched,fpr_at_most_0.01,delta_false_positive_rate,1024,0.0,-0.00021867731171316138,0.0005063351643865256
03,transformer_L1 → transformer_L64,phase5_matched,fpr_at_most_0.01,delta_false_positive_rate,42,-0.0006330381826194949,-0.00043912015705757385,0.0002220956057966317
03,transformer_L1 → transformer_L64,phase5_matched,fpr_at_most_0.01,delta_false_positive_rate,123,-0.00042469650226371284,-0.00043912015705757385,0.0002220956057966317
03,transformer_L1 → transformer_L64,phase5_matched,fpr_at_most_0.01,delta_false_positive_rate,456,-0.0004727753515765846,-0.00043912015705757385,0.0002220956057966317
03,transformer_L1 → transformer_L64,phase5_matched,fpr_at_most_0.01,delta_false_positive_rate,789,-7.211827396930853e-05,-0.00043912015705757385,0.0002220956057966317
03,transformer_L1 → transformer_L64,phase5_matched,fpr_at_most_0.01,delta_false_positive_rate,1024,-0.0005929724748587684,-0.00043912015705757385,0.0002220956057966317
03,gat_transformer_L1 → gat_transformer_L8,feb20_matched,fpr_at_most_0.01,delta_false_positive_rate,42,1.0314967533639688e-05,-6.188980520183811e-06,2.346513420510761e-05
03,gat_transformer_L1 → gat_transformer_L8,feb20_matched,fpr_at_most_0.01,delta_false_positive_rate,123,0.0,-6.188980520183811e-06,2.346513420510761e-05
03,gat_transformer_L1 → gat_transformer_L8,feb20_matched,fpr_at_most_0.01,delta_false_positive_rate,456,-4.641735390137859e-05,-6.188980520183811e-06,2.346513420510761e-05
03,gat_transformer_L1 → gat_transformer_L8,feb20_matched,fpr_at_most_0.01,delta_false_positive_rate,789,-5.157483766819843e-06,-6.188980520183811e-06,2.346513420510761e-05
03,gat_transformer_L1 → gat_transformer_L8,feb20_matched,fpr_at_most_0.01,delta_false_positive_rate,1024,1.0314967533639688e-05,-6.188980520183811e-06,2.346513420510761e-05
03,edge_mlp → gatv2,feb20_matched,maximum_macro_f1,delta_f1,42,-0.011377755493398145,-0.0059535069506002625,0.004434017479640399
03,edge_mlp → gatv2,feb20_matched,maximum_macro_f1,delta_f1,123,-0.0014163346939386479,-0.0059535069506002625,0.004434017479640399
03,edge_mlp → gatv2,feb20_matched,maximum_macro_f1,delta_f1,456,-0.0013458741993480627,-0.0059535069506002625,0.004434017479640399
03,edge_mlp → gatv2,feb20_matched,maximum_macro_f1,delta_f1,789,-0.00830474848264795,-0.0059535069506002625,0.004434017479640399
03,edge_mlp → gatv2,feb20_matched,maximum_macro_f1,delta_f1,1024,-0.007322821883668507,-0.0059535069506002625,0.004434017479640399
03,gatv2_self_only → gatv2,feb20_matched,maximum_macro_f1,delta_f1,42,-0.019060131620405985,-0.01073542535824019,0.005378781083221481
03,gatv2_self_only → gatv2,feb20_matched,maximum_macro_f1,delta_f1,123,-0.011105575513915555,-0.01073542535824019,0.005378781083221481
03,gatv2_self_only → gatv2,feb20_matched,maximum_macro_f1,delta_f1,456,-0.007101015064719607,-0.01073542535824019,0.005378781083221481
03,gatv2_self_only → gatv2,feb20_matched,maximum_macro_f1,delta_f1,789,-0.005021305108231955,-0.01073542535824019,0.005378781083221481
03,gatv2_self_only → gatv2,feb20_matched,maximum_macro_f1,delta_f1,1024,-0.011389099483927856,-0.01073542535824019,0.005378781083221481
03,transformer_L1 → transformer_L64,phase5_matched,maximum_macro_f1,delta_f1,42,0.02782628095215689,0.011455696679908926,0.009644744714603708
03,transformer_L1 → transformer_L64,phase5_matched,maximum_macro_f1,delta_f1,123,0.011933809879994935,0.011455696679908926,0.009644744714603708
03,transformer_L1 → transformer_L64,phase5_matched,maximum_macro_f1,delta_f1,456,0.0062633251150218325,0.011455696679908926,0.009644744714603708
03,transformer_L1 → transformer_L64,phase5_matched,maximum_macro_f1,delta_f1,789,0.0035104494701296562,0.011455696679908926,0.009644744714603708
03,transformer_L1 → transformer_L64,phase5_matched,maximum_macro_f1,delta_f1,1024,0.007744617982241311,0.011455696679908926,0.009644744714603708
03,gat_transformer_L1 → gat_transformer_L8,feb20_matched,maximum_macro_f1,delta_f1,42,0.004837887872556013,-0.00027561638731308233,0.005313360262446115
03,gat_transformer_L1 → gat_transformer_L8,feb20_matched,maximum_macro_f1,delta_f1,123,0.0033057208088154155,-0.00027561638731308233,0.005313360262446115
03,gat_transformer_L1 → gat_transformer_L8,feb20_matched,maximum_macro_f1,delta_f1,456,-0.007008180319414525,-0.00027561638731308233,0.005313360262446115
03,gat_transformer_L1 → gat_transformer_L8,feb20_matched,maximum_macro_f1,delta_f1,789,-0.004910561626475407,-0.00027561638731308233,0.005313360262446115
03,gat_transformer_L1 → gat_transformer_L8,feb20_matched,maximum_macro_f1,delta_f1,1024,0.0023970513279530925,-0.00027561638731308233,0.005313360262446115
03,edge_mlp → gatv2,feb20_matched,maximum_macro_f1,delta_false_positive_rate,42,-0.0024137024028716867,-0.002140355763230235,0.0004519498051594594
03,edge_mlp → gatv2,feb20_matched,maximum_macro_f1,delta_false_positive_rate,123,-0.0027953562016163553,-0.002140355763230235,0.0004519498051594594
03,edge_mlp → gatv2,feb20_matched,maximum_macro_f1,delta_false_positive_rate,456,-0.001959843831391541,-0.002140355763230235,0.0004519498051594594
03,edge_mlp → gatv2,feb20_matched,maximum_macro_f1,delta_false_positive_rate,789,-0.0017896468670864857,-0.002140355763230235,0.0004519498051594594
03,edge_mlp → gatv2,feb20_matched,maximum_macro_f1,delta_false_positive_rate,1024,-0.0017432295131851073,-0.002140355763230235,0.0004519498051594594
03,gatv2_self_only → gatv2,feb20_matched,maximum_macro_f1,delta_false_positive_rate,42,1.547245130045953e-05,-0.0002114568344396136,0.0004901916330834909
03,gatv2_self_only → gatv2,feb20_matched,maximum_macro_f1,delta_false_positive_rate,123,1.547245130045953e-05,-0.0002114568344396136,0.0004901916330834909
03,gatv2_self_only → gatv2,feb20_matched,maximum_macro_f1,delta_false_positive_rate,456,0.0,-0.0002114568344396136,0.0004901916330834909
03,gatv2_self_only → gatv2,feb20_matched,maximum_macro_f1,delta_false_positive_rate,789,-0.0010882290747989871,-0.0002114568344396136,0.0004901916330834909
03,gatv2_self_only → gatv2,feb20_matched,maximum_macro_f1,delta_false_positive_rate,1024,0.0,-0.0002114568344396136,0.0004901916330834909
03,transformer_L1 → transformer_L64,phase5_matched,maximum_macro_f1,delta_false_positive_rate,42,0.00018430225569934788,0.0011010056492647947,0.002961300884355666
03,transformer_L1 → transformer_L64,phase5_matched,maximum_macro_f1,delta_false_positive_rate,123,0.0018430225569934684,0.0011010056492647947,0.002961300884355666
03,transformer_L1 → transformer_L64,phase5_matched,maximum_macro_f1,delta_false_positive_rate,456,0.00032052566208582225,0.0011010056492647947,0.002961300884355666
03,transformer_L1 → transformer_L64,phase5_matched,maximum_macro_f1,delta_false_positive_rate,789,-0.0024600344565086727,0.0011010056492647947,0.002961300884355666
03,transformer_L1 → transformer_L64,phase5_matched,maximum_macro_f1,delta_false_positive_rate,1024,0.005617212228054008,0.0011010056492647947,0.002961300884355666
03,gat_transformer_L1 → gat_transformer_L8,feb20_matched,maximum_macro_f1,delta_false_positive_rate,42,1.0314967533639688e-05,-6.188980520183811e-06,2.346513420510761e-05
03,gat_transformer_L1 → gat_transformer_L8,feb20_matched,maximum_macro_f1,delta_false_positive_rate,123,0.0,-6.188980520183811e-06,2.346513420510761e-05
03,gat_transformer_L1 → gat_transformer_L8,feb20_matched,maximum_macro_f1,delta_false_positive_rate,456,-4.641735390137859e-05,-6.188980520183811e-06,2.346513420510761e-05
03,gat_transformer_L1 → gat_transformer_L8,feb20_matched,maximum_macro_f1,delta_false_positive_rate,789,-5.157483766819843e-06,-6.188980520183811e-06,2.346513420510761e-05
03,gat_transformer_L1 → gat_transformer_L8,feb20_matched,maximum_macro_f1,delta_false_positive_rate,1024,1.0314967533639688e-05,-6.188980520183811e-06,2.346513420510761e-05
