filename,file_size_bytes,row_count,column_count,column_names,data_types,timestamp_min,timestamp_max,class_labels,benign_count,malicious_count,duplicate_records,constant_columns,has_source_identifier,has_destination_identifier,has_source_port,has_destination_port,has_timestamp,has_protocol,has_flow_duration,has_packet_counts,has_byte_counts,has_attack_label
Friday-02-03-2018_TrafficForML_CICFlowMeter.csv,352368373,1048575,80,"[""Dst Port"", ""Protocol"", ""Timestamp"", ""Flow Duration"", ""Tot Fwd Pkts"", ""Tot Bwd Pkts"", ""TotLen Fwd Pkts"", ""TotLen Bwd Pkts"", ""Fwd Pkt Len Max"", ""Fwd Pkt Len Min"", ""Fwd Pkt Len Mean"", ""Fwd Pkt Len Std"", ""Bwd Pkt Len Max"", ""Bwd Pkt Len Min"", ""Bwd Pkt Len Mean"", ""Bwd Pkt Len Std"", ""Flow Byts/s"", ""Flow Pkts/s"", ""Flow IAT Mean"", ""Flow IAT Std"", ""Flow IAT Max"", ""Flow IAT Min"", ""Fwd IAT Tot"", ""Fwd IAT Mean"", ""Fwd IAT Std"", ""Fwd IAT Max"", ""Fwd IAT Min"", ""Bwd IAT Tot"", ""Bwd IAT Mean"", ""Bwd IAT Std"", ""Bwd IAT Max"", ""Bwd IAT Min"", ""Fwd PSH Flags"", ""Bwd PSH Flags"", ""Fwd URG Flags"", ""Bwd URG Flags"", ""Fwd Header Len"", ""Bwd Header Len"", ""Fwd Pkts/s"", ""Bwd Pkts/s"", ""Pkt Len Min"", ""Pkt Len Max"", ""Pkt Len Mean"", ""Pkt Len Std"", ""Pkt Len Var"", ""FIN Flag Cnt"", ""SYN Flag Cnt"", ""RST Flag Cnt"", ""PSH Flag Cnt"", ""ACK Flag Cnt"", ""URG Flag Cnt"", ""CWE Flag Count"", ""ECE Flag Cnt"", ""Down/Up Ratio"", ""Pkt Size Avg"", ""Fwd Seg Size Avg"", ""Bwd Seg Size Avg"", ""Fwd Byts/b Avg"", ""Fwd Pkts/b Avg"", ""Fwd Blk Rate Avg"", ""Bwd Byts/b Avg"", ""Bwd Pkts/b Avg"", ""Bwd Blk Rate Avg"", ""Subflow Fwd Pkts"", ""Subflow Fwd Byts"", ""Subflow Bwd Pkts"", ""Subflow Bwd Byts"", ""Init Fwd Win Byts"", ""Init Bwd Win Byts"", ""Fwd Act Data Pkts"", ""Fwd Seg Size Min"", ""Active Mean"", ""Active Std"", ""Active Max"", ""Active Min"", ""Idle Mean"", ""Idle Std"", ""Idle Max"", ""Idle Min"", ""Label""]","{""ACK Flag Cnt"": ""int64"", ""Active Max"": ""int64"", ""Active Mean"": ""float64"", ""Active Min"": ""int64"", ""Active Std"": ""float64"", ""Bwd Blk Rate Avg"": ""int64"", ""Bwd Byts/b Avg"": ""int64"", ""Bwd Header Len"": ""int64"", ""Bwd IAT Max"": ""int64"", ""Bwd IAT Mean"": ""float64"", ""Bwd IAT Min"": ""int64"", ""Bwd IAT Std"": ""float64"", ""Bwd IAT Tot"": ""int64"", ""Bwd PSH Flags"": ""int64"", ""Bwd Pkt Len Max"": ""int64"", ""Bwd Pkt Len Mean"": ""float64"", ""Bwd Pkt Len Min"": ""int64"", ""Bwd Pkt Len Std"": ""float64"", ""Bwd Pkts/b Avg"": ""int64"", ""Bwd Pkts/s"": ""float64"", ""Bwd Seg Size Avg"": ""float64"", ""Bwd URG Flags"": ""int64"", ""CWE Flag Count"": ""int64"", ""Down/Up Ratio"": ""int64"", ""Dst Port"": ""int64"", ""ECE Flag Cnt"": ""int64"", ""FIN Flag Cnt"": ""int64"", ""Flow Byts/s"": ""float64"", ""Flow Duration"": ""int64"", ""Flow IAT Max"": ""int64"", ""Flow IAT Mean"": ""float64"", ""Flow IAT Min"": ""int64"", ""Flow IAT Std"": ""float64"", ""Flow Pkts/s"": ""float64"", ""Fwd Act Data Pkts"": ""int64"", ""Fwd Blk Rate Avg"": ""int64"", ""Fwd Byts/b Avg"": ""int64"", ""Fwd Header Len"": ""int64"", ""Fwd IAT Max"": ""int64"", ""Fwd IAT Mean"": ""float64"", ""Fwd IAT Min"": ""int64"", ""Fwd IAT Std"": ""float64"", ""Fwd IAT Tot"": ""int64"", ""Fwd PSH Flags"": ""int64"", ""Fwd Pkt Len Max"": ""int64"", ""Fwd Pkt Len Mean"": ""float64"", ""Fwd Pkt Len Min"": ""int64"", ""Fwd Pkt Len Std"": ""float64"", ""Fwd Pkts/b Avg"": ""int64"", ""Fwd Pkts/s"": ""float64"", ""Fwd Seg Size Avg"": ""float64"", ""Fwd Seg Size Min"": ""int64"", ""Fwd URG Flags"": ""int64"", ""Idle Max"": ""int64"", ""Idle Mean"": ""float64"", ""Idle Min"": ""int64"", ""Idle Std"": ""float64"", ""Init Bwd Win Byts"": ""int64"", ""Init Fwd Win Byts"": ""int64"", ""Label"": ""string"", ""PSH Flag Cnt"": ""int64"", ""Pkt Len Max"": ""int64"", ""Pkt Len Mean"": ""float64"", ""Pkt Len Min"": ""int64"", ""Pkt Len Std"": ""float64"", ""Pkt Len Var"": ""float64"", ""Pkt Size Avg"": ""float64"", ""Protocol"": ""int64"", ""RST Flag Cnt"": ""int64"", ""SYN Flag Cnt"": ""int64"", ""Subflow Bwd Byts"": ""int64"", ""Subflow Bwd Pkts"": ""int64"", ""Subflow Fwd Byts"": ""int64"", ""Subflow Fwd Pkts"": ""int64"", ""Timestamp"": ""datetime64[ns]"", ""Tot Bwd Pkts"": ""int64"", ""Tot Fwd Pkts"": ""int64"", ""TotLen Bwd Pkts"": ""int64"", ""TotLen Fwd Pkts"": ""int64"", ""URG Flag Cnt"": ""int64""}",2018-02-03T01:00:00,2018-02-03T12:59:59,"{""Benign"": 762384, ""Bot"": 286191}",762384,286191,5459,"[""Bwd PSH Flags"", ""Fwd URG Flags"", ""Bwd URG Flags"", ""CWE Flag Count"", ""Fwd Byts/b Avg"", ""Fwd Pkts/b Avg"", ""Fwd Blk Rate Avg"", ""Bwd Byts/b Avg"", ""Bwd Pkts/b Avg"", ""Bwd Blk Rate Avg""]",False,False,False,True,True,True,True,True,True,True
Friday-16-02-2018_TrafficForML_CICFlowMeter.csv,333723605,1048575,80,"[""Dst Port"", ""Protocol"", ""Timestamp"", ""Flow Duration"", ""Tot Fwd Pkts"", ""Tot Bwd Pkts"", ""TotLen Fwd Pkts"", ""TotLen Bwd Pkts"", ""Fwd Pkt Len Max"", ""Fwd Pkt Len Min"", ""Fwd Pkt Len Mean"", ""Fwd Pkt Len Std"", ""Bwd Pkt Len Max"", ""Bwd Pkt Len Min"", ""Bwd Pkt Len Mean"", ""Bwd Pkt Len Std"", ""Flow Byts/s"", ""Flow Pkts/s"", ""Flow IAT Mean"", ""Flow IAT Std"", ""Flow IAT Max"", ""Flow IAT Min"", ""Fwd IAT Tot"", ""Fwd IAT Mean"", ""Fwd IAT Std"", ""Fwd IAT Max"", ""Fwd IAT Min"", ""Bwd IAT Tot"", ""Bwd IAT Mean"", ""Bwd IAT Std"", ""Bwd IAT Max"", ""Bwd IAT Min"", ""Fwd PSH Flags"", ""Bwd PSH Flags"", ""Fwd URG Flags"", ""Bwd URG Flags"", ""Fwd Header Len"", ""Bwd Header Len"", ""Fwd Pkts/s"", ""Bwd Pkts/s"", ""Pkt Len Min"", ""Pkt Len Max"", ""Pkt Len Mean"", ""Pkt Len Std"", ""Pkt Len Var"", ""FIN Flag Cnt"", ""SYN Flag Cnt"", ""RST Flag Cnt"", ""PSH Flag Cnt"", ""ACK Flag Cnt"", ""URG Flag Cnt"", ""CWE Flag Count"", ""ECE Flag Cnt"", ""Down/Up Ratio"", ""Pkt Size Avg"", ""Fwd Seg Size Avg"", ""Bwd Seg Size Avg"", ""Fwd Byts/b Avg"", ""Fwd Pkts/b Avg"", ""Fwd Blk Rate Avg"", ""Bwd Byts/b Avg"", ""Bwd Pkts/b Avg"", ""Bwd Blk Rate Avg"", ""Subflow Fwd Pkts"", ""Subflow Fwd Byts"", ""Subflow Bwd Pkts"", ""Subflow Bwd Byts"", ""Init Fwd Win Byts"", ""Init Bwd Win Byts"", ""Fwd Act Data Pkts"", ""Fwd Seg Size Min"", ""Active Mean"", ""Active Std"", ""Active Max"", ""Active Min"", ""Idle Mean"", ""Idle Std"", ""Idle Max"", ""Idle Min"", ""Label""]","{""ACK Flag Cnt"": ""int64"", ""Active Max"": ""int64"", ""Active Mean"": ""int64"", ""Active Min"": ""int64"", ""Active Std"": ""float64"", ""Bwd Blk Rate Avg"": ""string"", ""Bwd Byts/b Avg"": ""string"", ""Bwd Header Len"": ""int64"", ""Bwd IAT Max"": ""int64"", ""Bwd IAT Mean"": ""float64"", ""Bwd IAT Min"": ""int64"", ""Bwd IAT Std"": ""float64"", ""Bwd IAT Tot"": ""int64"", ""Bwd PSH Flags"": ""string"", ""Bwd Pkt Len Max"": ""int64"", ""Bwd Pkt Len Mean"": ""float64"", ""Bwd Pkt Len Min"": ""int64"", ""Bwd Pkt Len Std"": ""float64"", ""Bwd Pkts/b Avg"": ""string"", ""Bwd Pkts/s"": ""float64"", ""Bwd Seg Size Avg"": ""float64"", ""Bwd URG Flags"": ""string"", ""CWE Flag Count"": ""string"", ""Down/Up Ratio"": ""int64"", ""Dst Port"": ""int64"", ""ECE Flag Cnt"": ""int64"", ""FIN Flag Cnt"": ""int64"", ""Flow Byts/s"": ""float64"", ""Flow Duration"": ""int64"", ""Flow IAT Max"": ""int64"", ""Flow IAT Mean"": ""float64"", ""Flow IAT Min"": ""int64"", ""Flow IAT Std"": ""float64"", ""Flow Pkts/s"": ""float64"", ""Fwd Act Data Pkts"": ""int64"", ""Fwd Blk Rate Avg"": ""string"", ""Fwd Byts/b Avg"": ""string"", ""Fwd Header Len"": ""int64"", ""Fwd IAT Max"": ""int64"", ""Fwd IAT Mean"": ""float64"", ""Fwd IAT Min"": ""int64"", ""Fwd IAT Std"": ""float64"", ""Fwd IAT Tot"": ""int64"", ""Fwd PSH Flags"": ""int64"", ""Fwd Pkt Len Max"": ""int64"", ""Fwd Pkt Len Mean"": ""float64"", ""Fwd Pkt Len Min"": ""int64"", ""Fwd Pkt Len Std"": ""float64"", ""Fwd Pkts/b Avg"": ""string"", ""Fwd Pkts/s"": ""float64"", ""Fwd Seg Size Avg"": ""float64"", ""Fwd Seg Size Min"": ""int64"", ""Fwd URG Flags"": ""string"", ""Idle Max"": ""int64"", ""Idle Mean"": ""int64"", ""Idle Min"": ""int64"", ""Idle Std"": ""float64"", ""Init Bwd Win Byts"": ""int64"", ""Init Fwd Win Byts"": ""int64"", ""Label"": ""string"", ""PSH Flag Cnt"": ""int64"", ""Pkt Len Max"": ""int64"", ""Pkt Len Mean"": ""float64"", ""Pkt Len Min"": ""int64"", ""Pkt Len Std"": ""float64"", ""Pkt Len Var"": ""float64"", ""Pkt Size Avg"": ""float64"", ""Protocol"": ""int64"", ""RST Flag Cnt"": ""int64"", ""SYN Flag Cnt"": ""int64"", ""Subflow Bwd Byts"": ""int64"", ""Subflow Bwd Pkts"": ""int64"", ""Subflow Fwd Byts"": ""int64"", ""Subflow Fwd Pkts"": ""int64"", ""Timestamp"": ""datetime64[ns]"", ""Tot Bwd Pkts"": ""int64"", ""Tot Fwd Pkts"": ""int64"", ""TotLen Bwd Pkts"": ""int64"", ""TotLen Fwd Pkts"": ""int64"", ""URG Flag Cnt"": ""int64""}",2018-02-16T01:00:32,2018-02-16T12:58:24,"{""Benign"": 446772, ""DoS attacks-Hulk"": 461912, ""DoS attacks-SlowHTTPTest"": 139890, ""Label"": 1}",446772,601803,147586,[],False,False,False,True,True,True,True,True,True,True
Friday-23-02-2018_TrafficForML_CICFlowMeter.csv,382840456,1048575,80,"[""Dst Port"", ""Protocol"", ""Timestamp"", ""Flow Duration"", ""Tot Fwd Pkts"", ""Tot Bwd Pkts"", ""TotLen Fwd Pkts"", ""TotLen Bwd Pkts"", ""Fwd Pkt Len Max"", ""Fwd Pkt Len Min"", ""Fwd Pkt Len Mean"", ""Fwd Pkt Len Std"", ""Bwd Pkt Len Max"", ""Bwd Pkt Len Min"", ""Bwd Pkt Len Mean"", ""Bwd Pkt Len Std"", ""Flow Byts/s"", ""Flow Pkts/s"", ""Flow IAT Mean"", ""Flow IAT Std"", ""Flow IAT Max"", ""Flow IAT Min"", ""Fwd IAT Tot"", ""Fwd IAT Mean"", ""Fwd IAT Std"", ""Fwd IAT Max"", ""Fwd IAT Min"", ""Bwd IAT Tot"", ""Bwd IAT Mean"", ""Bwd IAT Std"", ""Bwd IAT Max"", ""Bwd IAT Min"", ""Fwd PSH Flags"", ""Bwd PSH Flags"", ""Fwd URG Flags"", ""Bwd URG Flags"", ""Fwd Header Len"", ""Bwd Header Len"", ""Fwd Pkts/s"", ""Bwd Pkts/s"", ""Pkt Len Min"", ""Pkt Len Max"", ""Pkt Len Mean"", ""Pkt Len Std"", ""Pkt Len Var"", ""FIN Flag Cnt"", ""SYN Flag Cnt"", ""RST Flag Cnt"", ""PSH Flag Cnt"", ""ACK Flag Cnt"", ""URG Flag Cnt"", ""CWE Flag Count"", ""ECE Flag Cnt"", ""Down/Up Ratio"", ""Pkt Size Avg"", ""Fwd Seg Size Avg"", ""Bwd Seg Size Avg"", ""Fwd Byts/b Avg"", ""Fwd Pkts/b Avg"", ""Fwd Blk Rate Avg"", ""Bwd Byts/b Avg"", ""Bwd Pkts/b Avg"", ""Bwd Blk Rate Avg"", ""Subflow Fwd Pkts"", ""Subflow Fwd Byts"", ""Subflow Bwd Pkts"", ""Subflow Bwd Byts"", ""Init Fwd Win Byts"", ""Init Bwd Win Byts"", ""Fwd Act Data Pkts"", ""Fwd Seg Size Min"", ""Active Mean"", ""Active Std"", ""Active Max"", ""Active Min"", ""Idle Mean"", ""Idle Std"", ""Idle Max"", ""Idle Min"", ""Label""]","{""ACK Flag Cnt"": ""int64"", ""Active Max"": ""int64"", ""Active Mean"": ""float64"", ""Active Min"": ""int64"", ""Active Std"": ""float64"", ""Bwd Blk Rate Avg"": ""int64"", ""Bwd Byts/b Avg"": ""int64"", ""Bwd Header Len"": ""int64"", ""Bwd IAT Max"": ""int64"", ""Bwd IAT Mean"": ""float64"", ""Bwd IAT Min"": ""int64"", ""Bwd IAT Std"": ""float64"", ""Bwd IAT Tot"": ""int64"", ""Bwd PSH Flags"": ""int64"", ""Bwd Pkt Len Max"": ""int64"", ""Bwd Pkt Len Mean"": ""float64"", ""Bwd Pkt Len Min"": ""int64"", ""Bwd Pkt Len Std"": ""float64"", ""Bwd Pkts/b Avg"": ""int64"", ""Bwd Pkts/s"": ""float64"", ""Bwd Seg Size Avg"": ""float64"", ""Bwd URG Flags"": ""int64"", ""CWE Flag Count"": ""int64"", ""Down/Up Ratio"": ""int64"", ""Dst Port"": ""int64"", ""ECE Flag Cnt"": ""int64"", ""FIN Flag Cnt"": ""int64"", ""Flow Byts/s"": ""float64"", ""Flow Duration"": ""int64"", ""Flow IAT Max"": ""int64"", ""Flow IAT Mean"": ""float64"", ""Flow IAT Min"": ""int64"", ""Flow IAT Std"": ""float64"", ""Flow Pkts/s"": ""float64"", ""Fwd Act Data Pkts"": ""int64"", ""Fwd Blk Rate Avg"": ""int64"", ""Fwd Byts/b Avg"": ""int64"", ""Fwd Header Len"": ""int64"", ""Fwd IAT Max"": ""int64"", ""Fwd IAT Mean"": ""float64"", ""Fwd IAT Min"": ""int64"", ""Fwd IAT Std"": ""float64"", ""Fwd IAT Tot"": ""int64"", ""Fwd PSH Flags"": ""int64"", ""Fwd Pkt Len Max"": ""int64"", ""Fwd Pkt Len Mean"": ""float64"", ""Fwd Pkt Len Min"": ""int64"", ""Fwd Pkt Len Std"": ""float64"", ""Fwd Pkts/b Avg"": ""int64"", ""Fwd Pkts/s"": ""float64"", ""Fwd Seg Size Avg"": ""float64"", ""Fwd Seg Size Min"": ""int64"", ""Fwd URG Flags"": ""int64"", ""Idle Max"": ""int64"", ""Idle Mean"": ""float64"", ""Idle Min"": ""int64"", ""Idle Std"": ""float64"", ""Init Bwd Win Byts"": ""int64"", ""Init Fwd Win Byts"": ""int64"", ""Label"": ""string"", ""PSH Flag Cnt"": ""int64"", ""Pkt Len Max"": ""int64"", ""Pkt Len Mean"": ""float64"", ""Pkt Len Min"": ""int64"", ""Pkt Len Std"": ""float64"", ""Pkt Len Var"": ""float64"", ""Pkt Size Avg"": ""float64"", ""Protocol"": ""int64"", ""RST Flag Cnt"": ""int64"", ""SYN Flag Cnt"": ""int64"", ""Subflow Bwd Byts"": ""int64"", ""Subflow Bwd Pkts"": ""int64"", ""Subflow Fwd Byts"": ""int64"", ""Subflow Fwd Pkts"": ""int64"", ""Timestamp"": ""datetime64[ns]"", ""Tot Bwd Pkts"": ""int64"", ""Tot Fwd Pkts"": ""int64"", ""TotLen Bwd Pkts"": ""int64"", ""TotLen Fwd Pkts"": ""int64"", ""URG Flag Cnt"": ""int64""}",2018-02-23T01:00:00,2018-02-23T12:59:59,"{""Benign"": 1048009, ""Brute Force -Web"": 362, ""Brute Force -XSS"": 151, ""SQL Injection"": 53}",1048009,566,2614,"[""Bwd PSH Flags"", ""Fwd URG Flags"", ""Bwd URG Flags"", ""CWE Flag Count"", ""Fwd Byts/b Avg"", ""Fwd Pkts/b Avg"", ""Fwd Blk Rate Avg"", ""Bwd Byts/b Avg"", ""Bwd Pkts/b Avg"", ""Bwd Blk Rate Avg""]",False,False,False,True,True,True,True,True,True,True
Thuesday-20-02-2018_TrafficForML_CICFlowMeter.csv,4054925350,7948748,84,"[""Flow ID"", ""Src IP"", ""Src Port"", ""Dst IP"", ""Dst Port"", ""Protocol"", ""Timestamp"", ""Flow Duration"", ""Tot Fwd Pkts"", ""Tot Bwd Pkts"", ""TotLen Fwd Pkts"", ""TotLen Bwd Pkts"", ""Fwd Pkt Len Max"", ""Fwd Pkt Len Min"", ""Fwd Pkt Len Mean"", ""Fwd Pkt Len Std"", ""Bwd Pkt Len Max"", ""Bwd Pkt Len Min"", ""Bwd Pkt Len Mean"", ""Bwd Pkt Len Std"", ""Flow Byts/s"", ""Flow Pkts/s"", ""Flow IAT Mean"", ""Flow IAT Std"", ""Flow IAT Max"", ""Flow IAT Min"", ""Fwd IAT Tot"", ""Fwd IAT Mean"", ""Fwd IAT Std"", ""Fwd IAT Max"", ""Fwd IAT Min"", ""Bwd IAT Tot"", ""Bwd IAT Mean"", ""Bwd IAT Std"", ""Bwd IAT Max"", ""Bwd IAT Min"", ""Fwd PSH Flags"", ""Bwd PSH Flags"", ""Fwd URG Flags"", ""Bwd URG Flags"", ""Fwd Header Len"", ""Bwd Header Len"", ""Fwd Pkts/s"", ""Bwd Pkts/s"", ""Pkt Len Min"", ""Pkt Len Max"", ""Pkt Len Mean"", ""Pkt Len Std"", ""Pkt Len Var"", ""FIN Flag Cnt"", ""SYN Flag Cnt"", ""RST Flag Cnt"", ""PSH Flag Cnt"", ""ACK Flag Cnt"", ""URG Flag Cnt"", ""CWE Flag Count"", ""ECE Flag Cnt"", ""Down/Up Ratio"", ""Pkt Size Avg"", ""Fwd Seg Size Avg"", ""Bwd Seg Size Avg"", ""Fwd Byts/b Avg"", ""Fwd Pkts/b Avg"", ""Fwd Blk Rate Avg"", ""Bwd Byts/b Avg"", ""Bwd Pkts/b Avg"", ""Bwd Blk Rate Avg"", ""Subflow Fwd Pkts"", ""Subflow Fwd Byts"", ""Subflow Bwd Pkts"", ""Subflow Bwd Byts"", ""Init Fwd Win Byts"", ""Init Bwd Win Byts"", ""Fwd Act Data Pkts"", ""Fwd Seg Size Min"", ""Active Mean"", ""Active Std"", ""Active Max"", ""Active Min"", ""Idle Mean"", ""Idle Std"", ""Idle Max"", ""Idle Min"", ""Label""]","{""ACK Flag Cnt"": ""int64"", ""Active Max"": ""int64"", ""Active Mean"": ""float64"", ""Active Min"": ""int64"", ""Active Std"": ""float64"", ""Bwd Blk Rate Avg"": ""int64"", ""Bwd Byts/b Avg"": ""int64"", ""Bwd Header Len"": ""int64"", ""Bwd IAT Max"": ""int64"", ""Bwd IAT Mean"": ""float64"", ""Bwd IAT Min"": ""int64"", ""Bwd IAT Std"": ""float64"", ""Bwd IAT Tot"": ""int64"", ""Bwd PSH Flags"": ""int64"", ""Bwd Pkt Len Max"": ""int64"", ""Bwd Pkt Len Mean"": ""float64"", ""Bwd Pkt Len Min"": ""int64"", ""Bwd Pkt Len Std"": ""float64"", ""Bwd Pkts/b Avg"": ""int64"", ""Bwd Pkts/s"": ""float64"", ""Bwd Seg Size Avg"": ""float64"", ""Bwd URG Flags"": ""int64"", ""CWE Flag Count"": ""int64"", ""Down/Up Ratio"": ""int64"", ""Dst IP"": ""string"", ""Dst Port"": ""int64"", ""ECE Flag Cnt"": ""int64"", ""FIN Flag Cnt"": ""int64"", ""Flow Byts/s"": ""float64"", ""Flow Duration"": ""int64"", ""Flow IAT Max"": ""int64"", ""Flow IAT Mean"": ""float64"", ""Flow IAT Min"": ""int64"", ""Flow IAT Std"": ""float64"", ""Flow ID"": ""string"", ""Flow Pkts/s"": ""float64"", ""Fwd Act Data Pkts"": ""int64"", ""Fwd Blk Rate Avg"": ""int64"", ""Fwd Byts/b Avg"": ""int64"", ""Fwd Header Len"": ""int64"", ""Fwd IAT Max"": ""int64"", ""Fwd IAT Mean"": ""float64"", ""Fwd IAT Min"": ""int64"", ""Fwd IAT Std"": ""float64"", ""Fwd IAT Tot"": ""int64"", ""Fwd PSH Flags"": ""int64"", ""Fwd Pkt Len Max"": ""int64"", ""Fwd Pkt Len Mean"": ""float64"", ""Fwd Pkt Len Min"": ""int64"", ""Fwd Pkt Len Std"": ""float64"", ""Fwd Pkts/b Avg"": ""int64"", ""Fwd Pkts/s"": ""float64"", ""Fwd Seg Size Avg"": ""float64"", ""Fwd Seg Size Min"": ""int64"", ""Fwd URG Flags"": ""int64"", ""Idle Max"": ""int64"", ""Idle Mean"": ""float64"", ""Idle Min"": ""int64"", ""Idle Std"": ""float64"", ""Init Bwd Win Byts"": ""int64"", ""Init Fwd Win Byts"": ""int64"", ""Label"": ""string"", ""PSH Flag Cnt"": ""int64"", ""Pkt Len Max"": ""int64"", ""Pkt Len Mean"": ""float64"", ""Pkt Len Min"": ""int64"", ""Pkt Len Std"": ""float64"", ""Pkt Len Var"": ""float64"", ""Pkt Size Avg"": ""float64"", ""Protocol"": ""int64"", ""RST Flag Cnt"": ""int64"", ""SYN Flag Cnt"": ""int64"", ""Src IP"": ""string"", ""Src Port"": ""int64"", ""Subflow Bwd Byts"": ""int64"", ""Subflow Bwd Pkts"": ""int64"", ""Subflow Fwd Byts"": ""int64"", ""Subflow Fwd Pkts"": ""int64"", ""Timestamp"": ""datetime64[ns]"", ""Tot Bwd Pkts"": ""int64"", ""Tot Fwd Pkts"": ""int64"", ""TotLen Bwd Pkts"": ""int64"", ""TotLen Fwd Pkts"": ""int64"", ""URG Flag Cnt"": ""int64""}",2018-02-20T01:00:00,2018-02-20T12:59:59,"{""Benign"": 7372557, ""DDoS attacks-LOIC-HTTP"": 576191}",7372557,576191,2,"[""Bwd PSH Flags"", ""Fwd URG Flags"", ""Bwd URG Flags"", ""CWE Flag Count"", ""Fwd Byts/b Avg"", ""Fwd Pkts/b Avg"", ""Fwd Blk Rate Avg"", ""Bwd Byts/b Avg"", ""Bwd Pkts/b Avg"", ""Bwd Blk Rate Avg""]",True,True,True,True,True,True,True,True,True,True
Thursday-01-03-2018_TrafficForML_CICFlowMeter.csv,107842858,331125,80,"[""Dst Port"", ""Protocol"", ""Timestamp"", ""Flow Duration"", ""Tot Fwd Pkts"", ""Tot Bwd Pkts"", ""TotLen Fwd Pkts"", ""TotLen Bwd Pkts"", ""Fwd Pkt Len Max"", ""Fwd Pkt Len Min"", ""Fwd Pkt Len Mean"", ""Fwd Pkt Len Std"", ""Bwd Pkt Len Max"", ""Bwd Pkt Len Min"", ""Bwd Pkt Len Mean"", ""Bwd Pkt Len Std"", ""Flow Byts/s"", ""Flow Pkts/s"", ""Flow IAT Mean"", ""Flow IAT Std"", ""Flow IAT Max"", ""Flow IAT Min"", ""Fwd IAT Tot"", ""Fwd IAT Mean"", ""Fwd IAT Std"", ""Fwd IAT Max"", ""Fwd IAT Min"", ""Bwd IAT Tot"", ""Bwd IAT Mean"", ""Bwd IAT Std"", ""Bwd IAT Max"", ""Bwd IAT Min"", ""Fwd PSH Flags"", ""Bwd PSH Flags"", ""Fwd URG Flags"", ""Bwd URG Flags"", ""Fwd Header Len"", ""Bwd Header Len"", ""Fwd Pkts/s"", ""Bwd Pkts/s"", ""Pkt Len Min"", ""Pkt Len Max"", ""Pkt Len Mean"", ""Pkt Len Std"", ""Pkt Len Var"", ""FIN Flag Cnt"", ""SYN Flag Cnt"", ""RST Flag Cnt"", ""PSH Flag Cnt"", ""ACK Flag Cnt"", ""URG Flag Cnt"", ""CWE Flag Count"", ""ECE Flag Cnt"", ""Down/Up Ratio"", ""Pkt Size Avg"", ""Fwd Seg Size Avg"", ""Bwd Seg Size Avg"", ""Fwd Byts/b Avg"", ""Fwd Pkts/b Avg"", ""Fwd Blk Rate Avg"", ""Bwd Byts/b Avg"", ""Bwd Pkts/b Avg"", ""Bwd Blk Rate Avg"", ""Subflow Fwd Pkts"", ""Subflow Fwd Byts"", ""Subflow Bwd Pkts"", ""Subflow Bwd Byts"", ""Init Fwd Win Byts"", ""Init Bwd Win Byts"", ""Fwd Act Data Pkts"", ""Fwd Seg Size Min"", ""Active Mean"", ""Active Std"", ""Active Max"", ""Active Min"", ""Idle Mean"", ""Idle Std"", ""Idle Max"", ""Idle Min"", ""Label""]","{""ACK Flag Cnt"": ""string"", ""Active Max"": ""int64"", ""Active Mean"": ""int64"", ""Active Min"": ""int64"", ""Active Std"": ""float64"", ""Bwd Blk Rate Avg"": ""string"", ""Bwd Byts/b Avg"": ""string"", ""Bwd Header Len"": ""string"", ""Bwd IAT Max"": ""string"", ""Bwd IAT Mean"": ""string"", ""Bwd IAT Min"": ""string"", ""Bwd IAT Std"": ""string"", ""Bwd IAT Tot"": ""string"", ""Bwd PSH Flags"": ""string"", ""Bwd Pkt Len Max"": ""string"", ""Bwd Pkt Len Mean"": ""string"", ""Bwd Pkt Len Min"": ""string"", ""Bwd Pkt Len Std"": ""string"", ""Bwd Pkts/b Avg"": ""string"", ""Bwd Pkts/s"": ""string"", ""Bwd Seg Size Avg"": ""string"", ""Bwd URG Flags"": ""string"", ""CWE Flag Count"": ""string"", ""Down/Up Ratio"": ""string"", ""Dst Port"": ""int64"", ""ECE Flag Cnt"": ""string"", ""FIN Flag Cnt"": ""string"", ""Flow Byts/s"": ""float64"", ""Flow Duration"": ""int64"", ""Flow IAT Max"": ""int64"", ""Flow IAT Mean"": ""int64"", ""Flow IAT Min"": ""int64"", ""Flow IAT Std"": ""int64"", ""Flow Pkts/s"": ""float64"", ""Fwd Act Data Pkts"": ""int64"", ""Fwd Blk Rate Avg"": ""string"", ""Fwd Byts/b Avg"": ""string"", ""Fwd Header Len"": ""int64"", ""Fwd IAT Max"": ""int64"", ""Fwd IAT Mean"": ""int64"", ""Fwd IAT Min"": ""int64"", ""Fwd IAT Std"": ""int64"", ""Fwd IAT Tot"": ""int64"", ""Fwd PSH Flags"": ""string"", ""Fwd Pkt Len Max"": ""int64"", ""Fwd Pkt Len Mean"": ""int64"", ""Fwd Pkt Len Min"": ""int64"", ""Fwd Pkt Len Std"": ""string"", ""Fwd Pkts/b Avg"": ""string"", ""Fwd Pkts/s"": ""float64"", ""Fwd Seg Size Avg"": ""int64"", ""Fwd Seg Size Min"": ""int64"", ""Fwd URG Flags"": ""string"", ""Idle Max"": ""int64"", ""Idle Mean"": ""int64"", ""Idle Min"": ""int64"", ""Idle Std"": ""float64"", ""Init Bwd Win Byts"": ""string"", ""Init Fwd Win Byts"": ""string"", ""Label"": ""string"", ""PSH Flag Cnt"": ""string"", ""Pkt Len Max"": ""int64"", ""Pkt Len Mean"": ""int64"", ""Pkt Len Min"": ""int64"", ""Pkt Len Std"": ""string"", ""Pkt Len Var"": ""string"", ""Pkt Size Avg"": ""int64"", ""Protocol"": ""int64"", ""RST Flag Cnt"": ""string"", ""SYN Flag Cnt"": ""string"", ""Subflow Bwd Byts"": ""string"", ""Subflow Bwd Pkts"": ""string"", ""Subflow Fwd Byts"": ""int64"", ""Subflow Fwd Pkts"": ""int64"", ""Timestamp"": ""datetime64[ns]"", ""Tot Bwd Pkts"": ""string"", ""Tot Fwd Pkts"": ""int64"", ""TotLen Bwd Pkts"": ""string"", ""TotLen Fwd Pkts"": ""int64"", ""URG Flag Cnt"": ""string""}",2018-01-03T01:00:00,2018-01-03T12:59:59,"{""Benign"": 238037, ""Infilteration"": 93063, ""Label"": 25}",238037,93088,97,[],False,False,False,True,True,True,True,True,True,True
Thursday-15-02-2018_TrafficForML_CICFlowMeter.csv,375945899,1048575,80,"[""Dst Port"", ""Protocol"", ""Timestamp"", ""Flow Duration"", ""Tot Fwd Pkts"", ""Tot Bwd Pkts"", ""TotLen Fwd Pkts"", ""TotLen Bwd Pkts"", ""Fwd Pkt Len Max"", ""Fwd Pkt Len Min"", ""Fwd Pkt Len Mean"", ""Fwd Pkt Len Std"", ""Bwd Pkt Len Max"", ""Bwd Pkt Len Min"", ""Bwd Pkt Len Mean"", ""Bwd Pkt Len Std"", ""Flow Byts/s"", ""Flow Pkts/s"", ""Flow IAT Mean"", ""Flow IAT Std"", ""Flow IAT Max"", ""Flow IAT Min"", ""Fwd IAT Tot"", ""Fwd IAT Mean"", ""Fwd IAT Std"", ""Fwd IAT Max"", ""Fwd IAT Min"", ""Bwd IAT Tot"", ""Bwd IAT Mean"", ""Bwd IAT Std"", ""Bwd IAT Max"", ""Bwd IAT Min"", ""Fwd PSH Flags"", ""Bwd PSH Flags"", ""Fwd URG Flags"", ""Bwd URG Flags"", ""Fwd Header Len"", ""Bwd Header Len"", ""Fwd Pkts/s"", ""Bwd Pkts/s"", ""Pkt Len Min"", ""Pkt Len Max"", ""Pkt Len Mean"", ""Pkt Len Std"", ""Pkt Len Var"", ""FIN Flag Cnt"", ""SYN Flag Cnt"", ""RST Flag Cnt"", ""PSH Flag Cnt"", ""ACK Flag Cnt"", ""URG Flag Cnt"", ""CWE Flag Count"", ""ECE Flag Cnt"", ""Down/Up Ratio"", ""Pkt Size Avg"", ""Fwd Seg Size Avg"", ""Bwd Seg Size Avg"", ""Fwd Byts/b Avg"", ""Fwd Pkts/b Avg"", ""Fwd Blk Rate Avg"", ""Bwd Byts/b Avg"", ""Bwd Pkts/b Avg"", ""Bwd Blk Rate Avg"", ""Subflow Fwd Pkts"", ""Subflow Fwd Byts"", ""Subflow Bwd Pkts"", ""Subflow Bwd Byts"", ""Init Fwd Win Byts"", ""Init Bwd Win Byts"", ""Fwd Act Data Pkts"", ""Fwd Seg Size Min"", ""Active Mean"", ""Active Std"", ""Active Max"", ""Active Min"", ""Idle Mean"", ""Idle Std"", ""Idle Max"", ""Idle Min"", ""Label""]","{""ACK Flag Cnt"": ""int64"", ""Active Max"": ""int64"", ""Active Mean"": ""float64"", ""Active Min"": ""int64"", ""Active Std"": ""float64"", ""Bwd Blk Rate Avg"": ""int64"", ""Bwd Byts/b Avg"": ""int64"", ""Bwd Header Len"": ""int64"", ""Bwd IAT Max"": ""int64"", ""Bwd IAT Mean"": ""float64"", ""Bwd IAT Min"": ""int64"", ""Bwd IAT Std"": ""float64"", ""Bwd IAT Tot"": ""int64"", ""Bwd PSH Flags"": ""int64"", ""Bwd Pkt Len Max"": ""int64"", ""Bwd Pkt Len Mean"": ""float64"", ""Bwd Pkt Len Min"": ""int64"", ""Bwd Pkt Len Std"": ""float64"", ""Bwd Pkts/b Avg"": ""int64"", ""Bwd Pkts/s"": ""float64"", ""Bwd Seg Size Avg"": ""float64"", ""Bwd URG Flags"": ""int64"", ""CWE Flag Count"": ""int64"", ""Down/Up Ratio"": ""int64"", ""Dst Port"": ""int64"", ""ECE Flag Cnt"": ""int64"", ""FIN Flag Cnt"": ""int64"", ""Flow Byts/s"": ""float64"", ""Flow Duration"": ""int64"", ""Flow IAT Max"": ""int64"", ""Flow IAT Mean"": ""float64"", ""Flow IAT Min"": ""int64"", ""Flow IAT Std"": ""float64"", ""Flow Pkts/s"": ""float64"", ""Fwd Act Data Pkts"": ""int64"", ""Fwd Blk Rate Avg"": ""int64"", ""Fwd Byts/b Avg"": ""int64"", ""Fwd Header Len"": ""int64"", ""Fwd IAT Max"": ""int64"", ""Fwd IAT Mean"": ""float64"", ""Fwd IAT Min"": ""int64"", ""Fwd IAT Std"": ""float64"", ""Fwd IAT Tot"": ""int64"", ""Fwd PSH Flags"": ""int64"", ""Fwd Pkt Len Max"": ""int64"", ""Fwd Pkt Len Mean"": ""float64"", ""Fwd Pkt Len Min"": ""int64"", ""Fwd Pkt Len Std"": ""float64"", ""Fwd Pkts/b Avg"": ""int64"", ""Fwd Pkts/s"": ""float64"", ""Fwd Seg Size Avg"": ""float64"", ""Fwd Seg Size Min"": ""int64"", ""Fwd URG Flags"": ""int64"", ""Idle Max"": ""int64"", ""Idle Mean"": ""float64"", ""Idle Min"": ""int64"", ""Idle Std"": ""float64"", ""Init Bwd Win Byts"": ""int64"", ""Init Fwd Win Byts"": ""int64"", ""Label"": ""string"", ""PSH Flag Cnt"": ""int64"", ""Pkt Len Max"": ""int64"", ""Pkt Len Mean"": ""float64"", ""Pkt Len Min"": ""int64"", ""Pkt Len Std"": ""float64"", ""Pkt Len Var"": ""float64"", ""Pkt Size Avg"": ""float64"", ""Protocol"": ""int64"", ""RST Flag Cnt"": ""int64"", ""SYN Flag Cnt"": ""int64"", ""Subflow Bwd Byts"": ""int64"", ""Subflow Bwd Pkts"": ""int64"", ""Subflow Fwd Byts"": ""int64"", ""Subflow Fwd Pkts"": ""int64"", ""Timestamp"": ""datetime64[ns]"", ""Tot Bwd Pkts"": ""int64"", ""Tot Fwd Pkts"": ""int64"", ""TotLen Bwd Pkts"": ""int64"", ""TotLen Fwd Pkts"": ""int64"", ""URG Flag Cnt"": ""int64""}",2018-02-15T01:00:00,2018-02-15T12:59:59,"{""Benign"": 996077, ""DoS attacks-GoldenEye"": 41508, ""DoS attacks-Slowloris"": 10990}",996077,52498,2421,"[""Bwd PSH Flags"", ""Fwd URG Flags"", ""Bwd URG Flags"", ""CWE Flag Count"", ""Fwd Byts/b Avg"", ""Fwd Pkts/b Avg"", ""Fwd Blk Rate Avg"", ""Bwd Byts/b Avg"", ""Bwd Pkts/b Avg"", ""Bwd Blk Rate Avg""]",False,False,False,True,True,True,True,True,True,True
Thursday-22-02-2018_TrafficForML_CICFlowMeter.csv,382636202,1048575,80,"[""Dst Port"", ""Protocol"", ""Timestamp"", ""Flow Duration"", ""Tot Fwd Pkts"", ""Tot Bwd Pkts"", ""TotLen Fwd Pkts"", ""TotLen Bwd Pkts"", ""Fwd Pkt Len Max"", ""Fwd Pkt Len Min"", ""Fwd Pkt Len Mean"", ""Fwd Pkt Len Std"", ""Bwd Pkt Len Max"", ""Bwd Pkt Len Min"", ""Bwd Pkt Len Mean"", ""Bwd Pkt Len Std"", ""Flow Byts/s"", ""Flow Pkts/s"", ""Flow IAT Mean"", ""Flow IAT Std"", ""Flow IAT Max"", ""Flow IAT Min"", ""Fwd IAT Tot"", ""Fwd IAT Mean"", ""Fwd IAT Std"", ""Fwd IAT Max"", ""Fwd IAT Min"", ""Bwd IAT Tot"", ""Bwd IAT Mean"", ""Bwd IAT Std"", ""Bwd IAT Max"", ""Bwd IAT Min"", ""Fwd PSH Flags"", ""Bwd PSH Flags"", ""Fwd URG Flags"", ""Bwd URG Flags"", ""Fwd Header Len"", ""Bwd Header Len"", ""Fwd Pkts/s"", ""Bwd Pkts/s"", ""Pkt Len Min"", ""Pkt Len Max"", ""Pkt Len Mean"", ""Pkt Len Std"", ""Pkt Len Var"", ""FIN Flag Cnt"", ""SYN Flag Cnt"", ""RST Flag Cnt"", ""PSH Flag Cnt"", ""ACK Flag Cnt"", ""URG Flag Cnt"", ""CWE Flag Count"", ""ECE Flag Cnt"", ""Down/Up Ratio"", ""Pkt Size Avg"", ""Fwd Seg Size Avg"", ""Bwd Seg Size Avg"", ""Fwd Byts/b Avg"", ""Fwd Pkts/b Avg"", ""Fwd Blk Rate Avg"", ""Bwd Byts/b Avg"", ""Bwd Pkts/b Avg"", ""Bwd Blk Rate Avg"", ""Subflow Fwd Pkts"", ""Subflow Fwd Byts"", ""Subflow Bwd Pkts"", ""Subflow Bwd Byts"", ""Init Fwd Win Byts"", ""Init Bwd Win Byts"", ""Fwd Act Data Pkts"", ""Fwd Seg Size Min"", ""Active Mean"", ""Active Std"", ""Active Max"", ""Active Min"", ""Idle Mean"", ""Idle Std"", ""Idle Max"", ""Idle Min"", ""Label""]","{""ACK Flag Cnt"": ""int64"", ""Active Max"": ""int64"", ""Active Mean"": ""float64"", ""Active Min"": ""int64"", ""Active Std"": ""float64"", ""Bwd Blk Rate Avg"": ""int64"", ""Bwd Byts/b Avg"": ""int64"", ""Bwd Header Len"": ""int64"", ""Bwd IAT Max"": ""int64"", ""Bwd IAT Mean"": ""float64"", ""Bwd IAT Min"": ""int64"", ""Bwd IAT Std"": ""float64"", ""Bwd IAT Tot"": ""int64"", ""Bwd PSH Flags"": ""int64"", ""Bwd Pkt Len Max"": ""int64"", ""Bwd Pkt Len Mean"": ""float64"", ""Bwd Pkt Len Min"": ""int64"", ""Bwd Pkt Len Std"": ""float64"", ""Bwd Pkts/b Avg"": ""int64"", ""Bwd Pkts/s"": ""float64"", ""Bwd Seg Size Avg"": ""float64"", ""Bwd URG Flags"": ""int64"", ""CWE Flag Count"": ""int64"", ""Down/Up Ratio"": ""int64"", ""Dst Port"": ""int64"", ""ECE Flag Cnt"": ""int64"", ""FIN Flag Cnt"": ""int64"", ""Flow Byts/s"": ""float64"", ""Flow Duration"": ""int64"", ""Flow IAT Max"": ""int64"", ""Flow IAT Mean"": ""float64"", ""Flow IAT Min"": ""int64"", ""Flow IAT Std"": ""float64"", ""Flow Pkts/s"": ""float64"", ""Fwd Act Data Pkts"": ""int64"", ""Fwd Blk Rate Avg"": ""int64"", ""Fwd Byts/b Avg"": ""int64"", ""Fwd Header Len"": ""int64"", ""Fwd IAT Max"": ""int64"", ""Fwd IAT Mean"": ""float64"", ""Fwd IAT Min"": ""int64"", ""Fwd IAT Std"": ""float64"", ""Fwd IAT Tot"": ""int64"", ""Fwd PSH Flags"": ""int64"", ""Fwd Pkt Len Max"": ""int64"", ""Fwd Pkt Len Mean"": ""float64"", ""Fwd Pkt Len Min"": ""int64"", ""Fwd Pkt Len Std"": ""float64"", ""Fwd Pkts/b Avg"": ""int64"", ""Fwd Pkts/s"": ""float64"", ""Fwd Seg Size Avg"": ""float64"", ""Fwd Seg Size Min"": ""int64"", ""Fwd URG Flags"": ""int64"", ""Idle Max"": ""int64"", ""Idle Mean"": ""float64"", ""Idle Min"": ""int64"", ""Idle Std"": ""float64"", ""Init Bwd Win Byts"": ""int64"", ""Init Fwd Win Byts"": ""int64"", ""Label"": ""string"", ""PSH Flag Cnt"": ""int64"", ""Pkt Len Max"": ""int64"", ""Pkt Len Mean"": ""float64"", ""Pkt Len Min"": ""int64"", ""Pkt Len Std"": ""float64"", ""Pkt Len Var"": ""float64"", ""Pkt Size Avg"": ""float64"", ""Protocol"": ""int64"", ""RST Flag Cnt"": ""int64"", ""SYN Flag Cnt"": ""int64"", ""Subflow Bwd Byts"": ""int64"", ""Subflow Bwd Pkts"": ""int64"", ""Subflow Fwd Byts"": ""int64"", ""Subflow Fwd Pkts"": ""int64"", ""Timestamp"": ""datetime64[ns]"", ""Tot Bwd Pkts"": ""int64"", ""Tot Fwd Pkts"": ""int64"", ""TotLen Bwd Pkts"": ""int64"", ""TotLen Fwd Pkts"": ""int64"", ""URG Flag Cnt"": ""int64""}",1970-10-01T03:04:26,2018-02-22T12:59:59,"{""Benign"": 1048213, ""Brute Force -Web"": 249, ""Brute Force -XSS"": 79, ""SQL Injection"": 34}",1048213,362,3278,"[""Bwd PSH Flags"", ""Fwd URG Flags"", ""Bwd URG Flags"", ""CWE Flag Count"", ""Fwd Byts/b Avg"", ""Fwd Pkts/b Avg"", ""Fwd Blk Rate Avg"", ""Bwd Byts/b Avg"", ""Bwd Pkts/b Avg"", ""Bwd Blk Rate Avg""]",False,False,False,True,True,True,True,True,True,True
Wednesday-14-02-2018_TrafficForML_CICFlowMeter.csv,358223333,1048575,80,"[""Dst Port"", ""Protocol"", ""Timestamp"", ""Flow Duration"", ""Tot Fwd Pkts"", ""Tot Bwd Pkts"", ""TotLen Fwd Pkts"", ""TotLen Bwd Pkts"", ""Fwd Pkt Len Max"", ""Fwd Pkt Len Min"", ""Fwd Pkt Len Mean"", ""Fwd Pkt Len Std"", ""Bwd Pkt Len Max"", ""Bwd Pkt Len Min"", ""Bwd Pkt Len Mean"", ""Bwd Pkt Len Std"", ""Flow Byts/s"", ""Flow Pkts/s"", ""Flow IAT Mean"", ""Flow IAT Std"", ""Flow IAT Max"", ""Flow IAT Min"", ""Fwd IAT Tot"", ""Fwd IAT Mean"", ""Fwd IAT Std"", ""Fwd IAT Max"", ""Fwd IAT Min"", ""Bwd IAT Tot"", ""Bwd IAT Mean"", ""Bwd IAT Std"", ""Bwd IAT Max"", ""Bwd IAT Min"", ""Fwd PSH Flags"", ""Bwd PSH Flags"", ""Fwd URG Flags"", ""Bwd URG Flags"", ""Fwd Header Len"", ""Bwd Header Len"", ""Fwd Pkts/s"", ""Bwd Pkts/s"", ""Pkt Len Min"", ""Pkt Len Max"", ""Pkt Len Mean"", ""Pkt Len Std"", ""Pkt Len Var"", ""FIN Flag Cnt"", ""SYN Flag Cnt"", ""RST Flag Cnt"", ""PSH Flag Cnt"", ""ACK Flag Cnt"", ""URG Flag Cnt"", ""CWE Flag Count"", ""ECE Flag Cnt"", ""Down/Up Ratio"", ""Pkt Size Avg"", ""Fwd Seg Size Avg"", ""Bwd Seg Size Avg"", ""Fwd Byts/b Avg"", ""Fwd Pkts/b Avg"", ""Fwd Blk Rate Avg"", ""Bwd Byts/b Avg"", ""Bwd Pkts/b Avg"", ""Bwd Blk Rate Avg"", ""Subflow Fwd Pkts"", ""Subflow Fwd Byts"", ""Subflow Bwd Pkts"", ""Subflow Bwd Byts"", ""Init Fwd Win Byts"", ""Init Bwd Win Byts"", ""Fwd Act Data Pkts"", ""Fwd Seg Size Min"", ""Active Mean"", ""Active Std"", ""Active Max"", ""Active Min"", ""Idle Mean"", ""Idle Std"", ""Idle Max"", ""Idle Min"", ""Label""]","{""ACK Flag Cnt"": ""int64"", ""Active Max"": ""int64"", ""Active Mean"": ""float64"", ""Active Min"": ""int64"", ""Active Std"": ""float64"", ""Bwd Blk Rate Avg"": ""int64"", ""Bwd Byts/b Avg"": ""int64"", ""Bwd Header Len"": ""int64"", ""Bwd IAT Max"": ""int64"", ""Bwd IAT Mean"": ""float64"", ""Bwd IAT Min"": ""int64"", ""Bwd IAT Std"": ""float64"", ""Bwd IAT Tot"": ""int64"", ""Bwd PSH Flags"": ""int64"", ""Bwd Pkt Len Max"": ""int64"", ""Bwd Pkt Len Mean"": ""float64"", ""Bwd Pkt Len Min"": ""int64"", ""Bwd Pkt Len Std"": ""float64"", ""Bwd Pkts/b Avg"": ""int64"", ""Bwd Pkts/s"": ""float64"", ""Bwd Seg Size Avg"": ""float64"", ""Bwd URG Flags"": ""int64"", ""CWE Flag Count"": ""int64"", ""Down/Up Ratio"": ""int64"", ""Dst Port"": ""int64"", ""ECE Flag Cnt"": ""int64"", ""FIN Flag Cnt"": ""int64"", ""Flow Byts/s"": ""float64"", ""Flow Duration"": ""int64"", ""Flow IAT Max"": ""int64"", ""Flow IAT Mean"": ""float64"", ""Flow IAT Min"": ""int64"", ""Flow IAT Std"": ""float64"", ""Flow Pkts/s"": ""float64"", ""Fwd Act Data Pkts"": ""int64"", ""Fwd Blk Rate Avg"": ""int64"", ""Fwd Byts/b Avg"": ""int64"", ""Fwd Header Len"": ""int64"", ""Fwd IAT Max"": ""int64"", ""Fwd IAT Mean"": ""float64"", ""Fwd IAT Min"": ""int64"", ""Fwd IAT Std"": ""float64"", ""Fwd IAT Tot"": ""int64"", ""Fwd PSH Flags"": ""int64"", ""Fwd Pkt Len Max"": ""int64"", ""Fwd Pkt Len Mean"": ""float64"", ""Fwd Pkt Len Min"": ""int64"", ""Fwd Pkt Len Std"": ""float64"", ""Fwd Pkts/b Avg"": ""int64"", ""Fwd Pkts/s"": ""float64"", ""Fwd Seg Size Avg"": ""float64"", ""Fwd Seg Size Min"": ""int64"", ""Fwd URG Flags"": ""int64"", ""Idle Max"": ""int64"", ""Idle Mean"": ""float64"", ""Idle Min"": ""int64"", ""Idle Std"": ""float64"", ""Init Bwd Win Byts"": ""int64"", ""Init Fwd Win Byts"": ""int64"", ""Label"": ""string"", ""PSH Flag Cnt"": ""int64"", ""Pkt Len Max"": ""int64"", ""Pkt Len Mean"": ""float64"", ""Pkt Len Min"": ""int64"", ""Pkt Len Std"": ""float64"", ""Pkt Len Var"": ""float64"", ""Pkt Size Avg"": ""float64"", ""Protocol"": ""int64"", ""RST Flag Cnt"": ""int64"", ""SYN Flag Cnt"": ""int64"", ""Subflow Bwd Byts"": ""int64"", ""Subflow Bwd Pkts"": ""int64"", ""Subflow Fwd Byts"": ""int64"", ""Subflow Fwd Pkts"": ""int64"", ""Timestamp"": ""datetime64[ns]"", ""Tot Bwd Pkts"": ""int64"", ""Tot Fwd Pkts"": ""int64"", ""TotLen Bwd Pkts"": ""int64"", ""TotLen Fwd Pkts"": ""int64"", ""URG Flag Cnt"": ""int64""}",1970-05-01T03:01:17,2018-02-14T12:59:59,"{""Benign"": 667626, ""FTP-BruteForce"": 193360, ""SSH-Bruteforce"": 187589}",667626,380949,225628,"[""Bwd PSH Flags"", ""Fwd URG Flags"", ""Bwd URG Flags"", ""CWE Flag Count"", ""Fwd Byts/b Avg"", ""Fwd Pkts/b Avg"", ""Fwd Blk Rate Avg"", ""Bwd Byts/b Avg"", ""Bwd Pkts/b Avg"", ""Bwd Blk Rate Avg""]",False,False,False,True,True,True,True,True,True,True
Wednesday-21-02-2018_TrafficForML_CICFlowMeter.csv,328893673,1048575,80,"[""Dst Port"", ""Protocol"", ""Timestamp"", ""Flow Duration"", ""Tot Fwd Pkts"", ""Tot Bwd Pkts"", ""TotLen Fwd Pkts"", ""TotLen Bwd Pkts"", ""Fwd Pkt Len Max"", ""Fwd Pkt Len Min"", ""Fwd Pkt Len Mean"", ""Fwd Pkt Len Std"", ""Bwd Pkt Len Max"", ""Bwd Pkt Len Min"", ""Bwd Pkt Len Mean"", ""Bwd Pkt Len Std"", ""Flow Byts/s"", ""Flow Pkts/s"", ""Flow IAT Mean"", ""Flow IAT Std"", ""Flow IAT Max"", ""Flow IAT Min"", ""Fwd IAT Tot"", ""Fwd IAT Mean"", ""Fwd IAT Std"", ""Fwd IAT Max"", ""Fwd IAT Min"", ""Bwd IAT Tot"", ""Bwd IAT Mean"", ""Bwd IAT Std"", ""Bwd IAT Max"", ""Bwd IAT Min"", ""Fwd PSH Flags"", ""Bwd PSH Flags"", ""Fwd URG Flags"", ""Bwd URG Flags"", ""Fwd Header Len"", ""Bwd Header Len"", ""Fwd Pkts/s"", ""Bwd Pkts/s"", ""Pkt Len Min"", ""Pkt Len Max"", ""Pkt Len Mean"", ""Pkt Len Std"", ""Pkt Len Var"", ""FIN Flag Cnt"", ""SYN Flag Cnt"", ""RST Flag Cnt"", ""PSH Flag Cnt"", ""ACK Flag Cnt"", ""URG Flag Cnt"", ""CWE Flag Count"", ""ECE Flag Cnt"", ""Down/Up Ratio"", ""Pkt Size Avg"", ""Fwd Seg Size Avg"", ""Bwd Seg Size Avg"", ""Fwd Byts/b Avg"", ""Fwd Pkts/b Avg"", ""Fwd Blk Rate Avg"", ""Bwd Byts/b Avg"", ""Bwd Pkts/b Avg"", ""Bwd Blk Rate Avg"", ""Subflow Fwd Pkts"", ""Subflow Fwd Byts"", ""Subflow Bwd Pkts"", ""Subflow Bwd Byts"", ""Init Fwd Win Byts"", ""Init Bwd Win Byts"", ""Fwd Act Data Pkts"", ""Fwd Seg Size Min"", ""Active Mean"", ""Active Std"", ""Active Max"", ""Active Min"", ""Idle Mean"", ""Idle Std"", ""Idle Max"", ""Idle Min"", ""Label""]","{""ACK Flag Cnt"": ""int64"", ""Active Max"": ""int64"", ""Active Mean"": ""float64"", ""Active Min"": ""int64"", ""Active Std"": ""float64"", ""Bwd Blk Rate Avg"": ""int64"", ""Bwd Byts/b Avg"": ""int64"", ""Bwd Header Len"": ""int64"", ""Bwd IAT Max"": ""int64"", ""Bwd IAT Mean"": ""float64"", ""Bwd IAT Min"": ""int64"", ""Bwd IAT Std"": ""float64"", ""Bwd IAT Tot"": ""int64"", ""Bwd PSH Flags"": ""int64"", ""Bwd Pkt Len Max"": ""int64"", ""Bwd Pkt Len Mean"": ""float64"", ""Bwd Pkt Len Min"": ""int64"", ""Bwd Pkt Len Std"": ""float64"", ""Bwd Pkts/b Avg"": ""int64"", ""Bwd Pkts/s"": ""float64"", ""Bwd Seg Size Avg"": ""float64"", ""Bwd URG Flags"": ""int64"", ""CWE Flag Count"": ""int64"", ""Down/Up Ratio"": ""int64"", ""Dst Port"": ""int64"", ""ECE Flag Cnt"": ""int64"", ""FIN Flag Cnt"": ""int64"", ""Flow Byts/s"": ""float64"", ""Flow Duration"": ""int64"", ""Flow IAT Max"": ""int64"", ""Flow IAT Mean"": ""float64"", ""Flow IAT Min"": ""int64"", ""Flow IAT Std"": ""float64"", ""Flow Pkts/s"": ""float64"", ""Fwd Act Data Pkts"": ""int64"", ""Fwd Blk Rate Avg"": ""int64"", ""Fwd Byts/b Avg"": ""int64"", ""Fwd Header Len"": ""int64"", ""Fwd IAT Max"": ""int64"", ""Fwd IAT Mean"": ""float64"", ""Fwd IAT Min"": ""int64"", ""Fwd IAT Std"": ""float64"", ""Fwd IAT Tot"": ""int64"", ""Fwd PSH Flags"": ""int64"", ""Fwd Pkt Len Max"": ""int64"", ""Fwd Pkt Len Mean"": ""float64"", ""Fwd Pkt Len Min"": ""int64"", ""Fwd Pkt Len Std"": ""float64"", ""Fwd Pkts/b Avg"": ""int64"", ""Fwd Pkts/s"": ""float64"", ""Fwd Seg Size Avg"": ""float64"", ""Fwd Seg Size Min"": ""int64"", ""Fwd URG Flags"": ""int64"", ""Idle Max"": ""int64"", ""Idle Mean"": ""float64"", ""Idle Min"": ""int64"", ""Idle Std"": ""float64"", ""Init Bwd Win Byts"": ""int64"", ""Init Fwd Win Byts"": ""int64"", ""Label"": ""string"", ""PSH Flag Cnt"": ""int64"", ""Pkt Len Max"": ""int64"", ""Pkt Len Mean"": ""float64"", ""Pkt Len Min"": ""int64"", ""Pkt Len Std"": ""float64"", ""Pkt Len Var"": ""float64"", ""Pkt Size Avg"": ""float64"", ""Protocol"": ""int64"", ""RST Flag Cnt"": ""int64"", ""SYN Flag Cnt"": ""int64"", ""Subflow Bwd Byts"": ""int64"", ""Subflow Bwd Pkts"": ""int64"", ""Subflow Fwd Byts"": ""int64"", ""Subflow Fwd Pkts"": ""int64"", ""Timestamp"": ""datetime64[ns]"", ""Tot Bwd Pkts"": ""int64"", ""Tot Fwd Pkts"": ""int64"", ""TotLen Bwd Pkts"": ""int64"", ""TotLen Fwd Pkts"": ""int64"", ""URG Flag Cnt"": ""int64""}",2018-02-21T01:55:46,2018-02-21T10:43:21,"{""Benign"": 360833, ""DDOS attack-HOIC"": 686012, ""DDOS attack-LOIC-UDP"": 1730}",360833,687742,17557,"[""Bwd PSH Flags"", ""Fwd URG Flags"", ""Bwd URG Flags"", ""CWE Flag Count"", ""Fwd Byts/b Avg"", ""Fwd Pkts/b Avg"", ""Fwd Blk Rate Avg"", ""Bwd Byts/b Avg"", ""Bwd Pkts/b Avg"", ""Bwd Blk Rate Avg""]",False,False,False,True,True,True,True,True,True,True
Wednesday-28-02-2018_TrafficForML_CICFlowMeter.csv,209249758,613104,80,"[""Dst Port"", ""Protocol"", ""Timestamp"", ""Flow Duration"", ""Tot Fwd Pkts"", ""Tot Bwd Pkts"", ""TotLen Fwd Pkts"", ""TotLen Bwd Pkts"", ""Fwd Pkt Len Max"", ""Fwd Pkt Len Min"", ""Fwd Pkt Len Mean"", ""Fwd Pkt Len Std"", ""Bwd Pkt Len Max"", ""Bwd Pkt Len Min"", ""Bwd Pkt Len Mean"", ""Bwd Pkt Len Std"", ""Flow Byts/s"", ""Flow Pkts/s"", ""Flow IAT Mean"", ""Flow IAT Std"", ""Flow IAT Max"", ""Flow IAT Min"", ""Fwd IAT Tot"", ""Fwd IAT Mean"", ""Fwd IAT Std"", ""Fwd IAT Max"", ""Fwd IAT Min"", ""Bwd IAT Tot"", ""Bwd IAT Mean"", ""Bwd IAT Std"", ""Bwd IAT Max"", ""Bwd IAT Min"", ""Fwd PSH Flags"", ""Bwd PSH Flags"", ""Fwd URG Flags"", ""Bwd URG Flags"", ""Fwd Header Len"", ""Bwd Header Len"", ""Fwd Pkts/s"", ""Bwd Pkts/s"", ""Pkt Len Min"", ""Pkt Len Max"", ""Pkt Len Mean"", ""Pkt Len Std"", ""Pkt Len Var"", ""FIN Flag Cnt"", ""SYN Flag Cnt"", ""RST Flag Cnt"", ""PSH Flag Cnt"", ""ACK Flag Cnt"", ""URG Flag Cnt"", ""CWE Flag Count"", ""ECE Flag Cnt"", ""Down/Up Ratio"", ""Pkt Size Avg"", ""Fwd Seg Size Avg"", ""Bwd Seg Size Avg"", ""Fwd Byts/b Avg"", ""Fwd Pkts/b Avg"", ""Fwd Blk Rate Avg"", ""Bwd Byts/b Avg"", ""Bwd Pkts/b Avg"", ""Bwd Blk Rate Avg"", ""Subflow Fwd Pkts"", ""Subflow Fwd Byts"", ""Subflow Bwd Pkts"", ""Subflow Bwd Byts"", ""Init Fwd Win Byts"", ""Init Bwd Win Byts"", ""Fwd Act Data Pkts"", ""Fwd Seg Size Min"", ""Active Mean"", ""Active Std"", ""Active Max"", ""Active Min"", ""Idle Mean"", ""Idle Std"", ""Idle Max"", ""Idle Min"", ""Label""]","{""ACK Flag Cnt"": ""int64"", ""Active Max"": ""int64"", ""Active Mean"": ""int64"", ""Active Min"": ""int64"", ""Active Std"": ""float64"", ""Bwd Blk Rate Avg"": ""string"", ""Bwd Byts/b Avg"": ""string"", ""Bwd Header Len"": ""int64"", ""Bwd IAT Max"": ""int64"", ""Bwd IAT Mean"": ""float64"", ""Bwd IAT Min"": ""int64"", ""Bwd IAT Std"": ""float64"", ""Bwd IAT Tot"": ""int64"", ""Bwd PSH Flags"": ""string"", ""Bwd Pkt Len Max"": ""int64"", ""Bwd Pkt Len Mean"": ""float64"", ""Bwd Pkt Len Min"": ""int64"", ""Bwd Pkt Len Std"": ""float64"", ""Bwd Pkts/b Avg"": ""string"", ""Bwd Pkts/s"": ""float64"", ""Bwd Seg Size Avg"": ""float64"", ""Bwd URG Flags"": ""string"", ""CWE Flag Count"": ""int64"", ""Down/Up Ratio"": ""int64"", ""Dst Port"": ""int64"", ""ECE Flag Cnt"": ""int64"", ""FIN Flag Cnt"": ""int64"", ""Flow Byts/s"": ""float64"", ""Flow Duration"": ""int64"", ""Flow IAT Max"": ""int64"", ""Flow IAT Mean"": ""float64"", ""Flow IAT Min"": ""int64"", ""Flow IAT Std"": ""float64"", ""Flow Pkts/s"": ""float64"", ""Fwd Act Data Pkts"": ""int64"", ""Fwd Blk Rate Avg"": ""string"", ""Fwd Byts/b Avg"": ""string"", ""Fwd Header Len"": ""int64"", ""Fwd IAT Max"": ""int64"", ""Fwd IAT Mean"": ""int64"", ""Fwd IAT Min"": ""int64"", ""Fwd IAT Std"": ""float64"", ""Fwd IAT Tot"": ""int64"", ""Fwd PSH Flags"": ""int64"", ""Fwd Pkt Len Max"": ""int64"", ""Fwd Pkt Len Mean"": ""int64"", ""Fwd Pkt Len Min"": ""int64"", ""Fwd Pkt Len Std"": ""float64"", ""Fwd Pkts/b Avg"": ""string"", ""Fwd Pkts/s"": ""float64"", ""Fwd Seg Size Avg"": ""int64"", ""Fwd Seg Size Min"": ""int64"", ""Fwd URG Flags"": ""int64"", ""Idle Max"": ""int64"", ""Idle Mean"": ""int64"", ""Idle Min"": ""int64"", ""Idle Std"": ""float64"", ""Init Bwd Win Byts"": ""int64"", ""Init Fwd Win Byts"": ""int64"", ""Label"": ""string"", ""PSH Flag Cnt"": ""int64"", ""Pkt Len Max"": ""int64"", ""Pkt Len Mean"": ""float64"", ""Pkt Len Min"": ""int64"", ""Pkt Len Std"": ""float64"", ""Pkt Len Var"": ""float64"", ""Pkt Size Avg"": ""float64"", ""Protocol"": ""int64"", ""RST Flag Cnt"": ""int64"", ""SYN Flag Cnt"": ""int64"", ""Subflow Bwd Byts"": ""int64"", ""Subflow Bwd Pkts"": ""int64"", ""Subflow Fwd Byts"": ""int64"", ""Subflow Fwd Pkts"": ""int64"", ""Timestamp"": ""datetime64[ns]"", ""Tot Bwd Pkts"": ""int64"", ""Tot Fwd Pkts"": ""int64"", ""TotLen Bwd Pkts"": ""int64"", ""TotLen Fwd Pkts"": ""int64"", ""URG Flag Cnt"": ""int64""}",2018-02-28T01:00:00,2018-02-28T12:59:59,"{""Benign"": 544200, ""Infilteration"": 68871, ""Label"": 33}",544200,68904,6121,[],False,False,False,True,True,True,True,True,True,True
